id,symbol,name,image,current_price,market_cap,market_cap_rank,fully_diluted_valuation,total_volume,high_24h,low_24h,price_change_24h,price_change_percentage_24h,market_cap_change_24h,market_cap_change_percentage_24h,circulating_supply,total_supply,max_supply,ath,ath_change_percentage,ath_date,atl,atl_change_percentage,atl_date,roi,last_updated,ingestion_time
bitcoin,btc,Bitcoin,https://coin-images.coingecko.com/coins/images/1/large/bitcoin.png?1696501400,116068.0,2312540437665,1,2312540437665,50621455617.0,116705.0,114838.0,413.75,0.35775,9032886918.0,0.39214,19919928.0,19919928.0,21000000.0,124128.0,-6.47634,2025-08-14T00:37:02.582Z,67.81,171100.11998,2013-07-06T00:00:00.000Z,,2025-09-13T00:07:50.919Z,2025-09-12 19:09:16.880053
ethereum,eth,Ethereum,https://coin-images.coingecko.com/coins/images/279/large/ethereum.png?1696501628,4702.8,568213755602,2,568213755602,39325386752.0,4721.04,4454.38,246.31,5.52693,29356807353.0,5.44798,120704774.8242105,120704774.8242105,,4946.05,-4.683,2025-08-24T19:21:03.333Z,0.432979,1088734.88203,2015-10-20T00:00:00.000Z,"{'times': 53.172458638641025, 'currency': 'btc', 'percentage': 5317.245863864103}",2025-09-13T00:07:50.884Z,2025-09-12 19:09:16.880053
ripple,xrp,XRP,https://coin-images.coingecko.com/coins/images/44/large/xrp-symbol-white-128.png?1696501442,3.1,185178574184,3,310605025049,6381681287.0,3.13,3.02,0.062539,2.05846,3858471459.0,2.12799,59610205486.0,99985808022.0,100000000000.0,3.65,-14.76846,2025-07-18T03:40:53.808Z,0.00268621,115597.12958,2014-05-22T00:00:00.000Z,,2025-09-13T00:07:47.728Z,2025-09-12 19:09:16.880053
tether,usdt,Tether,https://coin-images.coingecko.com/coins/images/325/large/Tether.png?1696501661,1.001,169645971654,4,169645971654,110808530593.0,1.001,1.0,0.00023852,0.02384,211938913.0,0.12509,169537170238.5928,169537170238.5928,,1.32,-24.37028,2018-07-24T00:00:00.000Z,0.572521,74.78018,2015-03-02T00:00:00.000Z,,2025-09-13T00:07:47.987Z,2025-09-12 19:09:16.880053
solana,sol,Solana,https://coin-images.coingecko.com/coins/images/4128/large/solana.png?1718769756,241.96,131376426106,5,147643307029,13607662434.0,243.62,228.34,13.27,5.80423,7348673201.0,5.92502,542445710.8964975,609610727.0862707,,293.31,-17.41911,2025-01-19T11:15:27.957Z,0.500801,48266.42343,2020-05-11T19:35:23.449Z,,2025-09-13T00:07:47.722Z,2025-09-12 19:09:16.880053
binancecoin,bnb,BNB,https://coin-images.coingecko.com/coins/images/825/large/bnb-icon2_2x.png?1696501970,925.28,128796939808,6,128796939808,1588508685.0,928.67,902.3,22.28,2.46765,3113196560.0,2.47701,139187142.9,139187142.9,200000000.0,928.67,-0.35955,2025-09-12T22:27:49.562Z,0.0398177,2323830.35187,2017-10-19T00:00:00.000Z,,2025-09-13T00:07:47.591Z,2025-09-12 19:09:16.880053
usd-coin,usdc,USDC,https://coin-images.coingecko.com/coins/images/6319/large/usdc.png?1696506694,0.99981,72975057450,7,72996896012,11814284505.0,0.999827,0.999619,-1.257127682286e-06,-0.00013,535794890.0,0.73965,72988927226.84425,73010769939.04393,,1.17,-14.74335,2019-05-08T00:40:28.300Z,0.877647,13.91943,2023-03-11T08:02:13.981Z,,2025-09-13T00:07:47.989Z,2025-09-12 19:09:16.880053
dogecoin,doge,Dogecoin,https://coin-images.coingecko.com/coins/images/5/large/dogecoin.png?1696501409,0.274693,41580081169,8,41585297366,4596210821.0,0.277548,0.255225,0.01924582,7.53418,2972886491.0,7.70034,150897466383.7052,150916396383.7052,,0.731578,-62.34796,2021-05-08T05:08:23.458Z,8.69e-05,316864.52439,2015-05-06T00:00:00.000Z,,2025-09-13T00:07:47.585Z,2025-09-12 19:09:16.880053
staked-ether,steth,Lido Staked Ether,https://coin-images.coingecko.com/coins/images/13442/large/steth_logo.png?1696513206,4694.78,40467928605,9,40467928605,45650765.0,4713.35,4447.12,245.62,5.5205,2073621879.0,5.40086,8618230.277884591,8618230.277884591,,4932.89,-4.74332,2025-08-24T19:21:31.902Z,482.9,873.06841,2020-12-22T04:08:21.854Z,,2025-09-13T00:07:47.294Z,2025-09-12 19:09:16.880053
cardano,ada,Cardano,https://coin-images.coingecko.com/coins/images/975/large/cardano.png?1696502090,0.918294,33503485123,10,41295200781,1810562300.0,0.918276,0.884587,0.02475915,2.77092,865611004.0,2.65217,36509250518.60805,45000000000.0,45000000000.0,3.09,-70.27837,2021-09-02T06:00:10.474Z,0.01925275,4665.45064,2020-03-13T02:22:55.044Z,,2025-09-13T00:07:47.700Z,2025-09-12 19:09:16.880053
tron,trx,TRON,https://coin-images.coingecko.com/coins/images/1094/large/tron-logo.png?1696502193,0.352445,33372177585,11,33372270137,752342262.0,0.352606,0.34637,0.00607494,1.75389,585849785.0,1.78687,94662934944.1544,94663197476.2532,,0.431288,-18.24984,2024-12-04T00:10:40.323Z,0.00180434,19440.58461,2017-11-12T00:00:00.000Z,"{'times': 184.4974423082467, 'currency': 'usd', 'percentage': 18449.74423082467}",2025-09-13T00:07:47.555Z,2025-09-12 19:09:16.880053
wrapped-steth,wsteth,Wrapped stETH,https://coin-images.coingecko.com/coins/images/18834/large/wstETH.png?1696518295,5697.12,17739796058,12,17739796058,71044384.0,5719.53,5398.34,297.35,5.50679,812608633.0,4.80061,3113354.056909842,3113354.056909842,,7256.02,-21.48018,2022-05-13T15:09:54.509Z,558.54,920.05467,2022-05-13T01:36:45.053Z,,2025-09-13T00:07:47.310Z,2025-09-12 19:09:16.880053
chainlink,link,Chainlink,https://coin-images.coingecko.com/coins/images/877/large/chainlink-new-logo.png?1696502009,25.1,17039690639,13,25128581893,1181877315.0,25.29,24.23,0.645619,2.64017,442672445.0,2.66718,678099970.4527868,1000000000.0,1000000000.0,52.7,-52.29953,2021-05-10T00:13:57.214Z,0.148183,16863.14071,2017-11-29T00:00:00.000Z,,2025-09-13T00:07:47.513Z,2025-09-12 19:09:16.880053
wrapped-beacon-eth,wbeth,Wrapped Beacon ETH,https://coin-images.coingecko.com/coins/images/30061/large/wbeth-icon.png?1696528983,5071.8,16088815137,14,16088815137,35384365.0,5092.31,4801.96,267.66,5.57141,875854554.0,5.75729,3164183.253477577,3164183.253477577,,5330.78,-4.95869,2025-08-24T19:27:46.809Z,1501.6,237.40276,2025-04-09T03:57:40.245Z,,2025-09-13T00:07:47.219Z,2025-09-12 19:09:16.880053
hyperliquid,hype,Hyperliquid,https://coin-images.coingecko.com/coins/images/50882/large/hyperliquid.jpg?1729431300,55.3,14980599290,15,55316189853,671353117.0,57.3,54.85,-1.740617937055049,-3.05148,-475609410.5540867,-3.07714,270772999.4341414,999835210.4341414,1000000000.0,57.3,-3.77177,2025-09-12T05:50:26.051Z,3.81,1347.78291,2024-11-29T09:30:30.871Z,,2025-09-13T00:07:47.260Z,2025-09-12 19:09:16.880053
wrapped-bitcoin,wbtc,Wrapped Bitcoin,https://coin-images.coingecko.com/coins/images/7598/large/wrapped_bitcoin_wbtc.png?1696507857,116009.0,14754540202,16,14754540202,242768944.0,116705.0,114645.0,596.79,0.51709,71400270.0,0.48627,127237.25872278,127237.25872278,127237.25872278,123882.0,-6.32848,2025-08-14T00:40:53.782Z,3139.17,3596.56999,2019-04-02T00:00:00.000Z,,2025-09-13T00:07:47.663Z,2025-09-12 19:09:16.880053
ethena-usde,usde,Ethena USDe,https://coin-images.coingecko.com/coins/images/33613/large/usde.png?1733810059,1.001,13300819001,17,13300819001,280961842.0,1.004,1.0,0.00022593,0.02257,98168449.0,0.74355,13273859789.07787,13273859789.07787,,1.032,-2.9369,2023-12-20T15:38:34.596Z,0.929486,7.77686,2024-10-04T07:57:15.809Z,,2025-09-13T00:07:47.378Z,2025-09-12 19:09:16.880053
sui,sui,Sui,https://coin-images.coingecko.com/coins/images/26375/large/sui-ocean-square.png?1727791290,3.72,13286501803,18,37229254417,1110025214.0,3.72,3.59,0.056276,1.53516,208484383.0,1.59416,3568833706.322776,10000000000.0,10000000000.0,5.35,-30.41643,2025-01-04T22:56:18.063Z,0.364846,919.69857,2023-10-19T10:40:30.078Z,,2025-09-13T00:07:48.369Z,2025-09-12 19:09:16.880053
stellar,xlm,Stellar,https://coin-images.coingecko.com/coins/images/100/large/fmpFRHHQ_400x400.jpg?1735231350,0.403878,12886641079,19,20248281446,284689634.0,0.404969,0.390527,0.00903406,2.28801,302570628.0,2.40439,31822704690.25804,50001786886.69552,50001786886.69552,0.875563,-53.76483,2018-01-03T00:00:00.000Z,0.00047612,84923.76617,2015-03-05T00:00:00.000Z,,2025-09-13T00:07:47.930Z,2025-09-12 19:09:16.880053
wrapped-eeth,weeth,Wrapped eETH,https://coin-images.coingecko.com/coins/images/33033/large/weETH.png?1701438396,5052.92,12722049685,20,12722049685,52161043.0,5070.95,4787.87,261.04,5.44751,659431473.0,5.46674,2512620.710012243,2512620.710012243,,5296.78,-4.69686,2025-08-24T19:25:19.771Z,1505.24,235.36277,2025-04-09T03:45:31.391Z,,2025-09-13T00:07:47.392Z,2025-09-12 19:09:16.880053
figure-heloc,figr_heloc,Figure Heloc,https://coin-images.coingecko.com/coins/images/68480/large/figure.png?1755863954,1.011,12516490580,21,12516490580,29674000.0,1.046,1.011,-0.025281499999999957,-2.43984,-313019084.59334946,-2.43984,12381349389.607,12381349389.607,,1.056,-4.29642,2025-08-30T12:40:04.527Z,0.883674,14.39909,2025-09-06T20:28:04.023Z,,2025-09-13T00:07:47.200Z,2025-09-12 19:09:16.880053
avalanche-2,avax,Avalanche,https://coin-images.coingecko.com/coins/images/12559/large/Avalanche_Circle_RedWhite_Trans.png?1696512369,28.95,12235920752,22,13273334090,881399730.0,29.34,28.28,-0.2567646482417487,-0.8792,-84323043.34436226,-0.68443,422276596.0335201,458078999.632708,720000000.0,144.96,-80.01395,2021-11-21T14:18:56.538Z,2.8,934.32187,2020-12-31T13:15:21.540Z,,2025-09-13T00:07:47.687Z,2025-09-12 19:09:16.880053
bitcoin-cash,bch,Bitcoin Cash,https://coin-images.coingecko.com/coins/images/780/large/bitcoin-cash-circle.png?1696501932,598.57,11928310750,23,11928329458,347403265.0,600.96,588.27,1.52,0.25532,38426119.0,0.32318,19924590.52165078,19924621.77165078,21000000.0,3785.82,-84.18143,2017-12-20T00:00:00.000Z,76.93,678.40272,2018-12-16T00:00:00.000Z,,2025-09-13T00:07:47.554Z,2025-09-12 19:09:16.880053
weth,weth,WETH,https://coin-images.coingecko.com/coins/images/2518/large/weth.png?1696503332,4703.31,11209596604,24,11209596604,261243036.0,4721.34,4455.07,243.04,5.44901,563705467.0,5.29505,2378119.814019608,2378119.814019608,,4950.08,-4.7812,2025-08-24T19:28:11.411Z,82.1,5640.81398,2018-12-15T00:00:00.000Z,,2025-09-13T00:07:48.043Z,2025-09-12 19:09:16.880053
hedera-hashgraph,hbar,Hedera,https://coin-images.coingecko.com/coins/images/3688/large/hbar.png?1696504364,0.245288,10413999897,25,12282709094,292711229.0,0.24571,0.238362,0.00545971,2.27651,238763457.0,2.34652,42392927395.16133,50000000000.0,50000000000.0,0.569229,-56.84225,2021-09-15T10:40:28.318Z,0.00986111,2391.26524,2020-01-02T17:30:24.852Z,,2025-09-13T00:07:48.082Z,2025-09-12 19:09:16.880053
litecoin,ltc,Litecoin,https://coin-images.coingecko.com/coins/images/2/large/litecoin.png?1696501400,118.04,9010081043,26,9010380729,698366516.0,118.24,115.0,2.15,1.85262,167365847.0,1.8927,76290126.98347135,76292664.48347135,84000000.0,410.26,-71.1991,2021-05-10T03:13:07.904Z,1.15,10185.00822,2015-01-14T00:00:00.000Z,,2025-09-13T00:07:48.758Z,2025-09-12 19:09:16.880053
leo-token,leo,LEO Token,https://coin-images.coingecko.com/coins/images/8418/large/leo-token.png?1696508607,9.58,8846088858,27,9442165422,827376.0,9.67,9.52,-0.04002872869624241,-0.41596,-12113771.445371628,-0.13675,923042099.9,985239504.0,,10.14,-5.43587,2025-03-10T09:26:43.294Z,0.799859,1098.23314,2019-12-24T15:14:35.376Z,,2025-09-13T00:07:47.264Z,2025-09-12 19:09:16.880053
crypto-com-chain,cro,Cronos,https://coin-images.coingecko.com/coins/images/7310/large/cro_token_logo.png?1696507599,0.255984,8613490143,28,25099706474,63094338.0,0.260391,0.253224,-0.002019947447963799,-0.78291,-112110944.80267715,-1.28485,33629397472.33024,97996049388.31567,100000000000.0,0.965407,-73.44503,2021-11-24T15:53:54.855Z,0.0121196,2015.28138,2019-02-08T00:00:00.000Z,,2025-09-13T00:07:47.443Z,2025-09-12 19:09:16.880053
the-open-network,ton,Toncoin,https://coin-images.coingecko.com/coins/images/17980/large/photo_2024-09-10_17.09.00.jpeg?1725963446,3.22,8272559293,29,16553743613,178537998.0,3.23,3.17,0.02937576,0.92172,84284408.0,1.02933,2568844380.569803,5140367056.095292,,8.25,-60.99834,2024-06-15T00:36:51.509Z,0.519364,519.8052,2021-09-21T00:33:11.092Z,,2025-09-13T00:07:47.658Z,2025-09-12 19:09:16.880053
shiba-inu,shib,Shiba Inu,https://coin-images.coingecko.com/coins/images/11939/large/shiba.png?1696511800,1.391e-05,8195592025,30,8199139227,338417440.0,1.39e-05,1.322e-05,6.70619e-07,5.06458,384106838.0,4.91721,589245894379078.1,589500930746080.6,,8.616e-05,-83.85971,2021-10-28T03:54:55.568Z,5.6366e-11,24671118.88486,2020-11-28T11:26:25.838Z,,2025-09-13T00:07:47.527Z,2025-09-12 19:09:16.880053
usds,usds,USDS,https://coin-images.coingecko.com/coins/images/39926/large/usds.webp?1726666683,0.999733,7923862743,31,7923862743,6437345.0,0.999977,0.999146,0.00025722,0.02574,-64574294.11748314,-0.80835,7927135010.805348,7927135010.805348,,1.057,-5.44306,2024-10-29T05:40:51.197Z,0.948265,5.43165,2024-10-03T13:19:28.826Z,,2025-09-13T00:07:47.295Z,2025-09-12 19:09:16.880053
coinbase-wrapped-btc,cbbtc,Coinbase Wrapped BTC,https://coin-images.coingecko.com/coins/images/40143/large/cbbtc.webp?1726136727,116170.0,6887489986,32,6887489986,434841532.0,116738.0,114828.0,513.29,0.4438,129603952.0,1.91782,59306.97180624,59306.97180624,,123939.0,-6.26692,2025-08-14T00:40:22.976Z,57439.0,102.25367,2024-09-12T14:07:41.775Z,,2025-09-13T00:07:47.591Z,2025-09-12 19:09:16.880053
binance-bridged-usdt-bnb-smart-chain,bsc-usd,Binance Bridged USDT (BNB Smart Chain),https://coin-images.coingecko.com/coins/images/35021/large/USDT.png?1707233575,1.0,6788457789,33,6788457789,2346484932.0,1.001,0.99935,0.00022008,0.022,1910640.0,0.02815,6784993599.453935,6784993599.453935,,1.05,-4.68238,2024-08-05T14:21:42.527Z,0.942186,6.22085,2024-12-05T22:30:39.827Z,,2025-09-13T00:07:48.018Z,2025-09-12 19:09:16.880053
polkadot,dot,Polkadot,https://coin-images.coingecko.com/coins/images/12171/large/polkadot.png?1696512008,4.32,6575945623,34,6575945623,286209743.0,4.32,4.16,0.074629,1.75892,113671000.0,1.75899,1522267060.0,1522267060.0,,54.98,-92.14252,2021-11-04T14:10:09.301Z,2.7,60.1551,2020-08-20T05:48:11.359Z,,2025-09-13T00:07:48.191Z,2025-09-12 19:09:16.880053
whitebit,wbt,WhiteBIT Coin,https://coin-images.coingecko.com/coins/images/27045/large/wbt_token.png?1696526096,44.34,6397371633,35,14304611072,38605197.0,44.46,43.57,0.625685,1.43119,85477912.0,1.35424,144118517.10815412,322250989.0,400000000.0,52.27,-15.11338,2025-06-16T09:30:18.527Z,3.06,1349.16187,2023-02-13T19:01:21.899Z,,2025-09-13T00:07:47.327Z,2025-09-12 19:09:16.880053
uniswap,uni,Uniswap,https://coin-images.coingecko.com/coins/images/12504/large/uniswap-logo.png?1720676669,10.17,6114945277,36,10183376593,364035185.0,10.22,9.93,0.180789,1.80938,113873665.0,1.89756,600483073.71,1000000000.0,1000000000.0,44.92,-77.3312,2021-05-03T05:25:04.822Z,1.03,888.41729,2020-09-17T01:20:38.214Z,,2025-09-13T00:07:47.603Z,2025-09-12 19:09:16.880053
ethena-staked-usde,susde,Ethena Staked USDe,https://coin-images.coingecko.com/coins/images/33669/large/sUSDe-Symbol-Color.png?1716307680,1.2,5802612195,37,5802612195,36331949.0,1.23,1.2,0.00048935,0.04089,19452528.0,0.33637,4846439245.673278,4846439245.673278,,1.29,-7.24576,2025-01-29T17:52:32.991Z,1.012,18.28684,2024-04-03T14:23:03.162Z,,2025-09-13T00:07:47.355Z,2025-09-12 19:09:16.880053
world-liberty-financial,wlfi,World Liberty Financial,https://coin-images.coingecko.com/coins/images/50767/large/wlfi.png?1756438915,0.206262,5657900104,38,20747290548,460699038.0,0.211533,0.196686,0.00687884,3.45006,208385845.0,3.82393,27270549333.684185,100000000000.0,100000000000.0,0.331336,-37.24012,2025-09-01T12:20:09.597Z,0.164016,26.78383,2025-09-04T14:17:54.961Z,,2025-09-13T00:07:47.582Z,2025-09-12 19:09:16.880053
mantle,mnt,Mantle,https://coin-images.coingecko.com/coins/images/30980/large/Mantle-Logo-mark.png?1739213200,1.73,5591754225,39,10690897344,491194637.0,1.72,1.57,0.087296,5.30759,279179651.0,5.25507,3252944055.73684,6219316794.89,6219316794.89,1.72,-0.23127,2025-09-12T22:07:52.739Z,0.307978,456.9504,2023-10-18T02:50:46.942Z,,2025-09-13T00:07:47.533Z,2025-09-12 19:09:16.880053
ethena,ena,Ethena,https://coin-images.coingecko.com/coins/images/36530/large/ethena.png?1711701436,0.776659,5363398020,40,11678072350,632857605.0,0.787081,0.746874,-0.002561088750452023,-0.32867,-8652232.004561424,-0.16106,6889062500.0,15000000000.0,,1.52,-48.81937,2024-04-11T13:15:15.057Z,0.195078,298.18403,2024-09-06T21:04:48.253Z,,2025-09-13T00:07:48.405Z,2025-09-12 19:09:16.880053
monero,xmr,Monero,https://coin-images.coingecko.com/coins/images/69/large/monero_logo.png?1696501460,284.38,5243144909,41,5243144909,88973827.0,284.4,270.72,13.56,5.00596,249274574.0,4.99161,18446744.07370955,18446744.07370955,,542.33,-47.59913,2018-01-09T00:00:00.000Z,0.216177,131358.81396,2015-01-14T00:00:00.000Z,,2025-09-13T00:07:47.415Z,2025-09-12 19:09:16.880053
aave,aave,Aave,https://coin-images.coingecko.com/coins/images/12645/large/aave-token-round.png?1720472354,321.24,4898708348,42,5146374743,429271180.0,321.69,308.48,11.93,3.85843,183502781.0,3.89172,15230008.983475862,16000000.0,16000000.0,661.69,-51.38739,2021-05-18T21:19:59.514Z,26.02,1136.07199,2020-11-05T09:20:11.928Z,,2025-09-13T00:07:48.475Z,2025-09-12 19:09:16.880053
pepe,pepe,Pepe,https://coin-images.coingecko.com/coins/images/29850/large/pepe-token.jpeg?1696528776,1.156e-05,4862960478,43,4862960478,1040382858.0,1.159e-05,1.043e-05,8.78835e-07,8.22864,367461275.0,8.17398,420690000000000.0,420690000000000.0,420690000000000.0,2.803e-05,-58.83949,2024-12-09T16:30:35.828Z,5.5142e-08,20821.3689,2023-04-18T02:14:41.591Z,,2025-09-13T00:07:47.895Z,2025-09-12 19:09:16.880053
bitget-token,bgb,Bitget Token,https://coin-images.coingecko.com/coins/images/11610/large/Bitget_logo.png?1736925727,4.94,4549182691,44,4549182691,179713738.0,4.96,4.89,0.01431148,0.29032,19669085.0,0.43424,919992035.9787906,919992035.9787906,2000000000.0,8.45,-41.49437,2024-12-27T11:41:24.992Z,0.0142795,34522.45993,2020-06-25T04:17:05.895Z,,2025-09-13T00:07:49.062Z,2025-09-12 19:09:16.880053
dai,dai,Dai,https://coin-images.coingecko.com/coins/images/9956/large/Badge_Dai.png?1696509996,0.999778,4511605078,45,4511605078,144013821.0,1.001,0.99794,-5.6209479601055e-05,-0.00562,58937426.0,1.32364,4513493040.081638,4513493040.081638,,1.22,-17.97813,2020-03-13T03:02:50.373Z,0.88196,13.35999,2023-03-11T07:50:50.514Z,,2025-09-13T00:07:48.243Z,2025-09-12 19:09:16.880053
okb,okb,OKB,https://coin-images.coingecko.com/coins/images/4463/large/WeChat_Image_20220118095654.png?1696505053,200.0,4204638887,46,4204638887,230843505.0,201.96,190.19,5.91,3.04588,130629046.0,3.2064,21000000.0,21000000.0,21000000.0,255.5,-21.56019,2025-08-22T01:50:26.131Z,0.580608,34418.22345,2019-01-14T00:00:00.000Z,,2025-09-13T00:07:47.632Z,2025-09-12 19:09:16.880053
memecore,m,MemeCore,https://coin-images.coingecko.com/coins/images/53247/large/square-bg-transparent.png?1752637478,2.17,3650742770,47,11480152238,62651072.0,2.48,1.88,0.258815,13.53081,454748970.0,14.22872,1678629023.302258,5278629022.861534,10000000000.0,2.48,-12.4356,2025-09-12T17:22:24.666Z,0.04746135,4468.66861,2025-07-04T03:56:17.448Z,,2025-09-13T00:07:47.385Z,2025-09-12 19:09:16.880053
jito-staked-sol,jitosol,Jito Staked SOL,https://coin-images.coingecko.com/coins/images/28046/large/JitoSOL-200.png?1696527060,297.68,3565172130,48,3565172130,74239163.0,299.56,280.57,16.74,5.95827,183447280.0,5.42467,11969278.93925162,11969278.93925162,,339.52,-12.18862,2025-01-19T11:21:54.080Z,0.57898,51393.6176,2023-09-12T10:21:17.665Z,,2025-09-13T00:07:47.480Z,2025-09-12 19:09:16.880053
near,near,NEAR Protocol,https://coin-images.coingecko.com/coins/images/10365/large/near.jpg?1696510367,2.79,3489656433,49,3547695975,170506873.0,2.81,2.69,0.04331463,1.57621,59898475.0,1.74643,1249836992.0,1270624129.0,,20.44,-86.34032,2022-01-16T22:09:45.873Z,0.526762,429.98866,2020-11-04T16:09:15.137Z,,2025-09-13T00:07:47.726Z,2025-09-12 19:09:16.880053
ondo-finance,ondo,Ondo,https://coin-images.coingecko.com/coins/images/26580/large/ONDO.png?1696525656,1.1,3481244067,50,11019707417,417987763.0,1.13,1.069,0.00275679,0.25088,58964284.0,1.72295,3159107529.0,10000000000.0,10000000000.0,2.14,-48.60564,2024-12-16T00:36:00.777Z,0.082171,1238.57423,2024-01-18T12:14:30.524Z,,2025-09-13T00:07:47.755Z,2025-09-12 19:09:16.880053
bittensor,tao,Bittensor,https://coin-images.coingecko.com/coins/images/28452/large/ARUsPeNQ_400x400.jpeg?1696527447,361.92,3479817984,51,7614091815,92495069.0,362.29,345.87,4.08,1.13915,45809660.0,1.334,9597491.0,21000000.0,21000000.0,757.6,-52.42989,2024-03-07T18:45:36.466Z,30.83,1068.97123,2023-05-14T08:57:53.732Z,,2025-09-13T00:07:48.752Z,2025-09-12 19:09:16.880053
ethereum-classic,etc,Ethereum Classic,https://coin-images.coingecko.com/coins/images/453/large/ethereum-classic-logo.png?1696501717,21.96,3373536728,52,3373536728,101363691.0,21.99,21.3,0.524947,2.44897,82353071.0,2.50223,153493829.1939657,153493829.1939657,210700000.0,167.09,-86.84301,2021-05-06T18:34:22.133Z,0.615038,3474.31744,2016-07-25T00:00:00.000Z,"{'times': 47.800745929870466, 'currency': 'usd', 'percentage': 4780.074592987046}",2025-09-13T00:07:48.301Z,2025-09-12 19:09:16.880053
worldcoin-wld,wld,Worldcoin,https://coin-images.coingecko.com/coins/images/31069/large/worldcoin.jpeg?1696529903,1.68,3367436391,53,16661469893,831626124.0,1.75,1.56,0.02522688,1.52448,31852449.0,0.95493,2021092024.01869,10000000000.0,10000000000.0,11.74,-85.93347,2024-03-10T00:10:42.330Z,0.583741,182.91598,2025-04-07T07:06:11.379Z,,2025-09-13T00:07:48.155Z,2025-09-12 19:09:16.880053
aptos,apt,Aptos,https://coin-images.coingecko.com/coins/images/26455/large/aptos_round.png?1696525528,4.63,3187901298,54,5433446353,491628303.0,4.63,4.48,0.103762,2.29496,72155894.0,2.31585,689196634.1948915,1174664015.310053,,19.92,-76.82044,2023-01-26T14:25:17.390Z,3.08,49.92748,2022-12-29T21:35:14.796Z,,2025-09-13T00:07:47.678Z,2025-09-12 19:09:16.880053
story-2,ip,Story,https://coin-images.coingecko.com/coins/images/54035/large/Transparent_bg.png?1738075331,9.64,2946545073,55,9786255958,75151973.0,9.99,9.56,0.02438612,0.25367,17276275.0,0.58978,305130189.34,1013418108.1,,11.66,-17.37991,2025-09-09T15:21:29.462Z,1.0,863.37492,2025-02-14T03:11:08.309Z,,2025-09-13T00:07:47.628Z,2025-09-12 19:09:16.880053
binance-staked-sol,bnsol,Binance Staked SOL,https://coin-images.coingecko.com/coins/images/40132/large/bnsol.png?1725968367,259.47,2920050224,56,2920050224,14557189.0,261.37,244.96,14.09,5.74407,176678045.0,6.44018,11244437.44735483,11244437.44735483,,297.96,-12.74798,2025-01-19T11:30:53.744Z,100.21,159.42657,2025-04-07T06:56:20.488Z,,2025-09-13T00:07:47.385Z,2025-09-12 19:09:16.880053
arbitrum,arb,Arbitrum,https://coin-images.coingecko.com/coins/images/16547/large/arb.jpg?1721358242,0.54676,2899296610,57,5474730029,338349739.0,0.549135,0.522434,0.01680537,3.17109,92141128.0,3.28237,5295780056.0,10000000000.0,10000000000.0,2.39,-77.10747,2024-01-12T12:29:59.231Z,0.245747,122.66652,2025-04-07T07:01:34.124Z,,2025-09-13T00:07:47.741Z,2025-09-12 19:09:16.880053
pi-network,pi,Pi Network,https://coin-images.coingecko.com/coins/images/54342/large/pi_network.jpg?1739347576,0.364474,2896499773,58,4454273089,63429587.0,0.362113,0.345209,0.01919589,5.55954,120576794.0,4.34366,8056767133.658713,12389795906.12492,100000000000.0,2.99,-87.99815,2025-02-26T16:41:03.732Z,0.33123,8.25372,2025-08-26T00:57:49.575Z,,2025-09-13T00:07:47.681Z,2025-09-12 19:09:16.880053
polygon-ecosystem-token,pol,POL (ex-MATIC),https://coin-images.coingecko.com/coins/images/32440/large/polygon.png?1698233684,0.272756,2868534713,59,2868534713,123271808.0,0.274147,0.267938,0.00041108,0.15094,11167207.0,0.39082,10496230792.90537,10496230792.90537,,1.29,-78.83877,2024-03-13T18:55:06.692Z,0.153392,77.62588,2025-04-07T07:06:08.017Z,,2025-09-13T00:07:47.859Z,2025-09-12 19:09:16.880053
binance-peg-weth,weth,Binance-Peg WETH,https://coin-images.coingecko.com/coins/images/39580/large/weth.png?1723006716,4704.95,2852676961,60,2852676961,79421974.0,4721.58,4455.11,249.03,5.58864,152591430.0,5.65136,604999.9999588211,604999.9999588211,,4955.78,-5.14014,2025-08-24T19:14:00.505Z,1394.32,237.15733,2025-04-09T01:32:41.942Z,,2025-09-13T00:07:48.397Z,2025-09-12 19:09:16.880053
usdt0,usdt0,USDT0,https://coin-images.coingecko.com/coins/images/53705/large/usdt0.jpg?1737086183,1.001,2832241885,61,2836030345,378919434.0,1.002,0.998855,3.102e-05,0.0031,16534123.0,0.58721,2830000037.360624,2833785498.411016,,1.052,-4.86932,2025-01-23T22:34:53.341Z,0.975737,2.56972,2025-02-28T01:35:58.101Z,,2025-09-13T00:07:47.977Z,2025-09-12 19:09:16.880053
myx-finance,myx,MYX Finance,https://coin-images.coingecko.com/coins/images/55506/large/myx.jpg?1746434335,14.62,2749128901,62,14413159505,374025962.0,18.76,11.03,1.66,12.77052,195565285.0,7.65852,190737423.0,1000000000.0,1000000000.0,19.03,-26.99343,2025-09-11T03:15:27.945Z,0.04700553,29463.35235,2025-06-19T17:36:45.581Z,,2025-09-13T00:07:47.789Z,2025-09-12 19:09:16.880053
internet-computer,icp,Internet Computer,https://coin-images.coingecko.com/coins/images/14495/large/Internet_Computer_logo.png?1696514180,4.98,2679139073,63,2679139073,67203942.0,5.02,4.83,0.00251503,0.05053,3930871.0,0.14694,537542113.945848,537542113.945848,,700.65,-99.28869,2021-05-10T16:05:53.653Z,2.87,73.95219,2023-09-22T00:29:57.369Z,,2025-09-13T00:07:52.755Z,2025-09-12 19:09:16.880053
usd1-wlfi,usd1,USD1,https://coin-images.coingecko.com/coins/images/54977/large/USD1_1000x1000_transparent.png?1749297002,0.999736,2637228589,64,2637228589,256870906.0,1.001,0.9992,3.525e-05,0.00353,-207334.74251890182,-0.00786,2637829425.614913,2637829425.614913,,1.025,-2.42278,2025-05-12T12:36:39.412Z,0.989703,1.04007,2025-04-16T00:36:15.580Z,,2025-09-13T00:07:48.300Z,2025-09-12 19:09:16.880053
kaspa,kas,Kaspa,https://coin-images.coingecko.com/coins/images/25751/large/kaspa-icon-exchanges.png?1696524837,0.088584,2337483083,65,2366471688,45112063.0,0.088789,0.085797,0.00242955,2.82001,65197409.0,2.86924,26363807936.34678,26690762185.08466,28704026601.0,0.207411,-57.29082,2024-08-01T00:40:47.164Z,0.00017105,51688.23131,2022-05-26T14:42:59.316Z,,2025-09-13T00:07:47.783Z,2025-09-12 19:09:16.880053
pudgy-penguins,pengu,Pudgy Penguins,https://coin-images.coingecko.com/coins/images/52622/large/PUDGY_PENGUINS_PENGU_PFP.png?1733809110,0.03630511,2287108381,66,2903195042,714655862.0,0.03807492,0.03481208,0.00149303,4.28882,98351960.0,4.49351,62860396090.0,79793328442.99487,88888888888.0,0.068447,-46.69997,2024-12-17T13:05:22.873Z,0.00371517,881.97728,2025-04-09T01:31:57.832Z,,2025-09-13T00:07:47.600Z,2025-09-12 19:09:16.880053
cosmos,atom,Cosmos Hub,https://coin-images.coingecko.com/coins/images/1481/large/cosmos_hub.png?1696502525,4.75,2224502949,67,2224502949,89565971.0,4.75,4.61,0.056165,1.1972,27318567.0,1.24334,468144176.652343,468144176.652343,,44.45,-89.30984,2022-01-17T00:34:41.497Z,1.16,309.59705,2020-03-13T02:27:44.591Z,"{'times': 46.47569045154956, 'currency': 'usd', 'percentage': 4647.569045154956}",2025-09-13T00:07:48.265Z,2025-09-12 19:09:16.880053
blackrock-usd-institutional-digital-liquidity-fund,buidl,BlackRock USD Institutional Digital Liquidity Fund,https://coin-images.coingecko.com/coins/images/36291/large/blackrock.png?1711013223,1.0,2209200082,68,2209200082,0.0,1.0,1.0,0.0,0.0,248103.0,0.01123,2209200081.873853,2209200081.873853,,1.0,0.0,2025-02-12T05:00:10.912Z,1.0,0.0,2025-02-12T05:45:10.196Z,,2025-09-13T00:05:05.501Z,2025-09-12 19:09:16.880053
jupiter-perpetuals-liquidity-provider-token,jlp,Jupiter Perpetuals Liquidity Provider Token,https://coin-images.coingecko.com/coins/images/33094/large/jlp.png?1700631386,5.87,2207920222,69,2207920222,55832640.0,5.89,5.7,0.162587,2.84785,77301762.0,3.62814,376004538.940838,376004538.940838,,5.89,-0.23522,2025-09-12T22:40:49.981Z,0.146839,3899.43507,2023-11-24T05:55:06.706Z,,2025-09-13T00:07:47.719Z,2025-09-12 19:09:16.880053
pump-fun,pump,Pump.fun,https://coin-images.coingecko.com/coins/images/67164/large/pump.jpg?1751949376,0.00620237,2203236071,70,6223764886,744282534.0,0.00631577,0.00580438,0.00031579,5.36463,93013783.0,4.40777,354000000000.0,999989424205.9406,1000000000000.0,0.00681162,-8.91909,2025-07-16T09:11:47.827Z,0.00228323,171.72454,2025-07-29T11:15:43.983Z,,2025-09-13T00:07:47.796Z,2025-09-12 19:09:16.880053
kinetic-staked-hype,khype,Kinetiq Staked HYPE,https://coin-images.coingecko.com/coins/images/67388/large/khype.png?1752632397,55.53,2193958958,71,2193958958,69792670.0,57.48,55.05,-1.5882406465183507,-2.7806,-67184841.99730253,-2.97128,39589017.73430466,39589017.73430466,,57.48,-3.65131,2025-09-12T05:52:09.873Z,35.62,55.46171,2025-08-02T18:59:35.641Z,,2025-09-13T00:07:47.479Z,2025-09-12 19:09:16.880053
vechain,vet,VeChain,https://coin-images.coingecko.com/coins/images/1167/large/VET.png?1742383283,0.02534273,2181577259,72,2181577259,42201443.0,0.02537633,0.02454804,0.00036537,1.46279,32821153.0,1.52745,85985041177.0,85985041177.0,86712634466.0,0.280991,-90.96907,2021-04-19T01:08:21.675Z,0.00191713,1223.64892,2020-03-13T02:29:59.652Z,"{'times': 0.8872421329959103, 'currency': 'eth', 'percentage': 88.72421329959103}",2025-09-13T00:07:47.613Z,2025-09-12 19:09:16.880053
algorand,algo,Algorand,https://coin-images.coingecko.com/coins/images/4380/large/download.png?1696504978,0.248473,2180445784,73,2180447270,87416288.0,0.249332,0.241071,0.00432145,1.76998,37888748.0,1.76839,8770505850.919493,8770511829.975334,10000000000.0,3.56,-93.01913,2019-06-20T14:51:19.480Z,0.087513,184.06989,2023-09-11T19:42:08.247Z,"{'times': -0.8964694009819973, 'currency': 'usd', 'percentage': -89.64694009819974}",2025-09-13T00:07:47.670Z,2025-09-12 19:09:16.880053
rocket-pool-eth,reth,Rocket Pool ETH,https://coin-images.coingecko.com/coins/images/20764/large/reth.png?1696520159,5388.1,2130259923,74,2130259923,31679831.0,5403.23,5094.72,291.4,5.71742,102365418.0,5.04787,395363.4533019288,395363.4533019288,,5618.08,-4.09296,2025-08-24T19:25:20.811Z,887.26,507.27579,2022-06-18T20:55:45.957Z,,2025-09-13T00:07:47.567Z,2025-09-12 19:09:16.880053
render-token,render,Render,https://coin-images.coingecko.com/coins/images/11636/large/rndr.png?1696511529,4.02,2088716429,75,2148166354,85991490.0,4.06,3.91,0.02298907,0.57452,15793811.0,0.76191,518584616.1640741,533344789.4440741,644245094.0,13.53,-70.24393,2024-03-17T16:30:24.636Z,0.03665669,10886.78877,2020-06-16T13:22:25.900Z,,2025-09-13T00:07:48.500Z,2025-09-12 19:09:16.880053
sei-network,sei,Sei,https://coin-images.coingecko.com/coins/images/28205/large/Sei_Logo_-_Transparent.png?1696527207,0.345916,2076414361,77,3456849658,194607776.0,0.345984,0.330077,0.00968807,2.8814,53241138.0,2.63157,6006666666.0,10000000000.0,,1.14,-69.93601,2024-03-16T02:30:23.904Z,0.095364,259.30285,2023-10-19T08:05:30.655Z,,2025-09-13T00:07:47.766Z,2025-09-12 19:09:16.880053
gatechain-token,gt,Gate,https://coin-images.coingecko.com/coins/images/8183/large/200X200.png?1735246724,17.33,2070770565,76,5200985834,19576839.0,17.4,16.77,0.560425,3.34109,67083091.0,3.34798,119444887.81900902,300000000.0,,25.94,-33.15386,2025-01-25T03:07:37.823Z,0.25754,6632.73625,2020-03-13T02:18:02.481Z,,2025-09-13T00:07:47.806Z,2025-09-12 19:09:16.880053
kelp-dao-restaked-eth,rseth,Kelp DAO Restaked ETH,https://coin-images.coingecko.com/coins/images/33800/large/Icon___Dark.png?1702991855,4950.24,2050057709,78,2050057709,5055185.0,4967.43,4685.95,261.98,5.58805,74725528.0,3.78293,413322.0600041115,413322.0600041115,,5190.42,-4.6762,2025-08-24T19:13:49.359Z,1029.61,380.54268,2025-09-02T07:53:14.684Z,,2025-09-13T00:07:47.600Z,2025-09-12 19:09:16.880053
susds,susds,sUSDS,https://coin-images.coingecko.com/coins/images/52721/large/sUSDS_Coin.png?1734086971,1.064,1994825250,79,1994825250,17630333.0,1.071,1.06,-0.003453954887344013,-0.32366,-79148891.94701791,-3.81629,1874463310.051449,1874463310.051449,,1.088,-2.3217,2025-02-03T02:31:35.208Z,0.961716,10.49584,2025-01-04T01:21:08.460Z,,2025-09-13T00:07:47.456Z,2025-09-12 19:09:16.880053
bonk,bonk,Bonk,https://coin-images.coingecko.com/coins/images/28600/large/bonk.jpg?1696527587,2.563e-05,1985679900,80,2256929545,585719281.0,2.574e-05,2.42e-05,1.23e-06,5.02197,96231537.0,5.0931,77419592329436.58,87995333611637.98,87995333611637.98,5.825e-05,-56.0688,2024-11-20T04:01:06.465Z,8.6142e-08,29606.60221,2022-12-29T22:48:46.755Z,,2025-09-13T00:07:47.967Z,2025-09-12 19:09:16.880053
kucoin-shares,kcs,KuCoin,https://coin-images.coingecko.com/coins/images/1047/large/sa9z79.png?1696502152,15.31,1948447820,81,2177929770,9195471.0,15.42,14.99,0.01082055,0.07072,-2720603.0660686493,-0.13943,127359547.7355671,142359547.7355671,,28.83,-46.90826,2021-12-01T15:09:35.541Z,0.342863,4364.25749,2019-02-07T00:00:00.000Z,,2025-09-13T00:07:48.028Z,2025-09-12 19:09:16.880053
fasttoken,ftn,Fasttoken,https://coin-images.coingecko.com/coins/images/28478/large/lightenicon_200x200.png?1696527472,4.49,1937552293,82,3906558063,58659087.0,4.5,4.47,0.00130156,0.02902,3508084.0,0.18139,431865846.6,870742437.0,1000000000.0,4.61,-2.45703,2025-07-27T09:55:16.106Z,0.398142,1028.78925,2023-01-21T10:15:39.503Z,,2025-09-13T00:07:47.532Z,2025-09-12 19:09:16.880053
usdtb,usdtb,USDtb,https://coin-images.coingecko.com/coins/images/52804/large/USDtbSmall.png?1734344946,0.998924,1814910103,83,1814910103,15537155.0,1.002,0.997912,-0.001042103581132658,-0.10421,11403265.0,0.63228,1815595361.84667,1815595361.84667,,1.018,-1.80696,2024-12-20T13:43:38.196Z,0.900502,10.96027,2025-07-17T08:05:52.672Z,,2025-09-13T00:07:47.468Z,2025-09-12 19:09:16.880053
official-trump,trump,Official Trump,https://coin-images.coingecko.com/coins/images/53746/large/trump.png?1737171561,8.98,1798409830,84,8992050361,332491738.0,9.01,8.79,0.161067,1.82555,34043798.0,1.92952,199999973.087224,1000000000.0,1000000000.0,73.43,-87.76195,2025-01-19T11:50:34.806Z,4.29,109.44213,2025-01-18T03:40:29.231Z,,2025-09-13T00:07:48.700Z,2025-09-12 19:09:16.880053
stakewise-v3-oseth,oseth,StakeWise Staked ETH,https://coin-images.coingecko.com/coins/images/33117/large/Frame_27513839.png?1700732599,4952.4,1780929383,85,1780929383,6794715.0,4971.29,4689.15,262.03,5.58664,96581428.0,5.73405,358880.6839472,358880.6839472,,5206.8,-4.97658,2025-08-24T19:14:00.394Z,1459.73,238.94521,2025-04-09T01:32:44.161Z,,2025-09-13T00:07:47.485Z,2025-09-12 19:09:16.880053
fetch-ai,fet,Artificial Superintelligence Alliance,https://coin-images.coingecko.com/coins/images/5681/large/ASI.png?1719827289,0.680594,1775746421,86,1850413994,72781790.0,0.683567,0.660063,0.01041663,1.55431,29847704.0,1.70959,2604959126.672,2714493896.672,2714493896.672,3.45,-80.26418,2024-03-28T17:21:18.050Z,0.00816959,8244.41253,2020-03-13T02:24:18.347Z,"{'times': 6.8499917144887625, 'currency': 'usd', 'percentage': 684.9991714488763}",2025-09-13T00:07:47.892Z,2025-09-12 19:09:16.880053
filecoin,fil,Filecoin,https://coin-images.coingecko.com/coins/images/12817/large/filecoin.png?1696512609,2.56,1760456812,87,5015988774,142912777.0,2.57,2.48,0.0248627,0.9811,16098087.0,0.92287,687579759.0,1959089442.0,1959089442.0,236.84,-98.91908,2021-04-01T13:29:41.564Z,1.98,28.98188,2025-06-22T20:30:12.846Z,,2025-09-13T00:07:48.183Z,2025-09-12 19:09:16.880053
jupiter-exchange-solana,jup,Jupiter,https://coin-images.coingecko.com/coins/images/34188/large/jup.png?1704266489,0.558075,1738577812,88,3910451765,94871723.0,0.57588,0.545008,0.01279146,2.34584,43085746.0,2.54119,3111744444.42,6999011760.227491,10000000000.0,2.0,-72.01728,2024-01-31T15:02:47.304Z,0.306358,82.681,2025-04-07T06:56:22.719Z,,2025-09-13T00:07:48.477Z,2025-09-12 19:09:16.880053
falcon-finance,usdf,Falcon USD,https://coin-images.coingecko.com/coins/images/54558/large/ff_200_X_200.png?1740741076,1.002,1730892162,89,1730892162,62215277.0,1.002,0.997809,0.00244749,0.24497,37236369.0,2.19858,1731040493.091525,1731040493.091525,,1.075,-6.94425,2025-05-08T21:25:42.071Z,0.943422,5.99289,2025-07-08T10:16:34.749Z,,2025-09-13T00:07:47.556Z,2025-09-12 19:09:16.880053
hash-2,hash,Provenance Blockchain,https://coin-images.coingecko.com/coins/images/66154/large/Hastra_Icon.png?1748497203,0.03521025,1724494611,90,3521209398,114632.0,0.04517906,0.02232995,0.001095,3.20969,53291387.0,3.1888,48974497566.0,100000000000.0,100000000000.0,0.058737,-38.9645,2025-07-10T08:19:31.383Z,0.01378736,160.02438,2025-06-04T11:15:56.153Z,,2025-09-13T00:07:47.493Z,2025-09-12 19:09:16.880053
sky,sky,Sky,https://coin-images.coingecko.com/coins/images/39925/large/sky.jpg?1724827980,0.073453,1718506188,91,1723249791,22552813.0,0.074747,0.07251,0.00070428,0.9681,30400953.0,1.80089,23398079292.84824,23462665147.36596,,0.100535,-27.07426,2024-12-04T10:13:57.264Z,0.03582727,104.63757,2025-02-03T05:01:48.626Z,,2025-09-13T00:07:47.837Z,2025-09-12 19:09:16.880053
bfusd,bfusd,BFUSD,https://coin-images.coingecko.com/coins/images/68227/large/bfusd.png?1755132827,1.001,1700925063,92,1700925063,11287059.0,1.001,0.99959,0.00054956,0.05496,778696.0,0.0458,1700000100.0,1700000100.0,,1.001,-0.03349,2025-09-12T19:51:25.990Z,0.998554,0.20122,2025-08-21T20:27:41.005Z,,2025-09-13T00:07:47.862Z,2025-09-12 19:09:16.880053
liquid-staked-ethereum,lseth,Liquid Staked ETH,https://coin-images.coingecko.com/coins/images/28848/large/LsETH-receipt-token-circle.png?1696527824,5081.14,1696770518,93,1696770518,915717.0,5098.06,4815.29,263.75,5.47503,88765455.0,5.52022,333707.1054139528,333707.1054139528,,5334.09,-4.89628,2025-08-24T19:17:38.271Z,1384.61,266.37972,2023-03-10T11:26:12.210Z,,2025-09-13T00:07:47.883Z,2025-09-12 19:09:16.880053
flare-networks,flr,Flare,https://coin-images.coingecko.com/coins/images/28624/large/FLR-icon200x200.png?1696527609,0.02285204,1689715522,94,2373117172,8426222.0,0.02291789,0.0224455,0.00018631,0.82201,12506846.0,0.74569,73999048151.25157,103927797033.68,,0.150073,-84.79294,2023-01-10T03:14:05.921Z,0.00827405,175.82242,2023-10-19T03:35:41.663Z,,2025-09-13T00:07:47.976Z,2025-09-12 19:09:16.880053
lombard-staked-btc,lbtc,Lombard Staked BTC,https://coin-images.coingecko.com/coins/images/39969/large/LBTC_Logo.png?1724959872,115967.0,1534094960,95,1534094960,7944852.0,116837.0,114764.0,593.4,0.51433,21731238.0,1.43691,13894.54959332002,0.0,,124380.0,-6.65278,2025-08-14T00:51:32.053Z,52119.0,122.76851,2024-09-06T21:01:52.094Z,,2025-09-13T00:07:48.425Z,2025-09-12 19:09:16.880053
quant-network,qnt,Quant,https://coin-images.coingecko.com/coins/images/3370/large/5ZOu7brX_400x400.jpg?1696504070,102.85,1496054679,96,1503081940,19817615.0,103.58,101.17,1.68,1.65794,25496697.0,1.73381,14544176.164091088,14612493.0,14612493.0,427.42,-75.93567,2021-09-11T09:15:00.668Z,0.215773,47568.69647,2018-08-23T00:00:00.000Z,"{'times': 8.409310536760398, 'currency': 'eth', 'percentage': 840.9310536760397}",2025-09-13T00:07:47.861Z,2025-09-12 19:09:16.880053
polygon-bridged-usdt-polygon,usdt,Polygon Bridged USDT (Polygon),https://coin-images.coingecko.com/coins/images/35023/large/USDT.png?1707233644,1.0,1469770566,97,1469770566,33837653.0,1.001,0.999932,0.00028793,0.02879,-6359302.408982754,-0.43081,1469051271.953417,1469051271.953417,,1.027,-2.55745,2024-04-14T06:51:56.926Z,0.945933,5.77112,2024-12-05T22:30:30.789Z,,2025-09-13T00:07:48.270Z,2025-09-12 19:09:16.880053
renzo-restaked-eth,ezeth,Renzo Restaked ETH,https://coin-images.coingecko.com/coins/images/34753/large/Ezeth_logo_circle.png?1713496404,4976.89,1464627121,98,1464627121,2364894.0,4991.07,4710.7,260.63,5.52612,80519310.0,5.81742,294025.2859403917,294025.2859403917,,5227.06,-4.91805,2025-08-24T19:25:30.766Z,1454.43,241.71402,2025-04-09T01:30:57.856Z,,2025-09-13T00:07:47.810Z,2025-09-12 19:09:16.880053
celestia,tia,Celestia,https://coin-images.coingecko.com/coins/images/31967/large/tia.jpg?1696530772,1.85,1441245631,99,2119763166,94855957.0,1.86,1.77,0.04931401,2.73923,39881774.0,2.84593,778332411.526541,1144760019.506432,,20.85,-91.14219,2024-02-10T14:30:02.495Z,1.32,39.50441,2025-06-22T20:21:50.444Z,,2025-09-13T00:07:47.995Z,2025-09-12 19:09:16.880053
optimism,op,Optimism,https://coin-images.coingecko.com/coins/images/25244/large/Optimism.png?1696524385,0.800391,1426370100,100,3444335140,177463261.0,0.807889,0.769983,0.01036885,1.31248,20884846.0,1.48595,1778634390.0,4294967296.0,4294967296.0,4.84,-83.47583,2024-03-06T08:35:50.817Z,0.402159,99.04605,2022-06-18T20:54:52.178Z,,2025-09-13T00:07:47.962Z,2025-09-12 19:09:16.880053
injective-protocol,inj,Injective,https://coin-images.coingecko.com/coins/images/12882/large/Other_200x200.png?1738782212,14.43,1412604778,101,1445456827,107840916.0,14.51,14.04,0.219475,1.54442,22940267.0,1.65078,97727220.33,100000000.0,,52.62,-72.53765,2024-03-14T15:06:22.124Z,0.657401,2098.18269,2020-11-03T16:19:30.576Z,,2025-09-13T00:07:52.634Z,2025-09-12 19:09:16.880053
jupiter-staked-sol,jupsol,Jupiter Staked SOL,https://coin-images.coingecko.com/coins/images/37482/large/jupsol.png?1714473916,275.26,1383552369,102,1383552369,21871102.0,276.95,259.55,15.35,5.90775,73930893.0,5.64521,5025844.617455876,5025844.617455876,,309.67,-10.98179,2025-01-19T11:22:28.048Z,105.7,160.78695,2025-04-07T07:01:06.676Z,,2025-09-13T00:07:47.731Z,2025-09-12 19:09:16.880053
tether-gold,xaut,Tether Gold,https://coin-images.coingecko.com/coins/images/10481/large/Tether_Gold.png?1696510471,3640.37,1372149961,103,1372149961,109178876.0,3654.82,3633.35,2.84,0.07804,5786061.0,0.42346,375572.247,375572.247,,3673.73,-0.54753,2025-09-09T14:03:15.734Z,1447.84,152.34935,2020-03-19T13:45:41.821Z,,2025-09-13T00:07:48.516Z,2025-09-12 19:09:16.880053
spx6900,spx,SPX6900,https://coin-images.coingecko.com/coins/images/31401/large/centeredcoin_%281%29.png?1737048493,1.47,1367459552,104,1367459552,40069851.0,1.49,1.39,0.002368,0.16158,1344689.0,0.09843,930993085.9662925,930993085.9662925,1000000000.0,2.27,-35.4794,2025-07-28T11:24:33.852Z,0.00131808,111049.63619,2024-02-04T19:12:19.110Z,,2025-09-13T00:07:48.103Z,2025-09-12 19:09:16.880053
xdce-crowd-sale,xdc,XDC Network,https://coin-images.coingecko.com/coins/images/2912/large/xdc-icon.png?1696503661,0.07653,1358641482,105,2911162136,44008872.0,0.077604,0.074742,0.00170442,2.27787,31770688.0,2.39441,17743547792.44999,38019113328.15,,0.192754,-60.20613,2021-08-21T04:39:48.324Z,0.00039532,19303.19539,2019-07-22T00:00:00.000Z,"{'times': 1.165299812799859, 'currency': 'eth', 'percentage': 116.5299812799859}",2025-09-13T00:07:48.072Z,2025-09-12 19:09:16.880053
mantle-staked-ether,meth,Mantle Staked Ether,https://coin-images.coingecko.com/coins/images/33345/large/symbol_transparent_bg.png?1701697066,5034.52,1354508114,106,1354508114,5953442.0,5063.09,4769.28,256.44,5.36709,78456363.0,6.14837,267553.1350400881,267553.1350400881,,5312.55,-4.99556,2025-08-24T19:26:54.562Z,1485.62,239.73438,2025-04-09T01:32:38.082Z,,2025-09-13T00:07:47.881Z,2025-09-12 19:09:16.880053
paypal-usd,pyusd,PayPal USD,https://coin-images.coingecko.com/coins/images/31212/large/PYUSD_Logo_%282%29.png?1696530039,1.0,1347752170,107,1347752170,83713488.0,1.001,0.999302,-6.6387763488329e-05,-0.00664,-660680.659194231,-0.049,1347757221.159785,1347757221.169108,,1.021,-2.04264,2023-10-23T22:44:57.056Z,0.959426,4.21723,2024-12-05T22:31:13.430Z,,2025-09-13T00:07:47.732Z,2025-09-12 19:09:16.880053
nexo,nexo,NEXO,https://coin-images.coingecko.com/coins/images/3695/large/CG-nexo-token-200x200_2x.png?1730414360,1.3,1293497790,108,1293497790,7854043.0,1.3,1.28,0.00091105,0.07034,-3889648.9359390736,-0.29981,1000000000.0,1000000000.0,1000000000.0,4.07,-68.20062,2021-05-12T14:37:47.535Z,0.04515276,2764.9177,2018-09-13T00:00:00.000Z,"{'times': 11.96157204232957, 'currency': 'usd', 'percentage': 1196.157204232957}",2025-09-13T00:07:48.085Z,2025-09-12 19:09:16.880053
immutable-x,imx,Immutable,https://coin-images.coingecko.com/coins/images/17233/large/immutableX-symbol-BLK-RGB.png?1696516787,0.665038,1291516271,109,1331502564,55357057.0,0.66675,0.575501,0.070825,11.91918,144005999.0,12.54943,1939938090.3898141,2000000000.0,2000000000.0,9.52,-92.99628,2021-11-26T01:03:01.536Z,0.343711,93.98589,2025-06-22T20:21:37.426Z,,2025-09-13T00:07:47.899Z,2025-09-12 19:09:16.880053
wbnb,wbnb,Wrapped BNB,https://coin-images.coingecko.com/coins/images/12591/large/binance-coin-logo.png?1696512401,924.83,1247737905,110,1247737905,464741623.0,928.93,902.42,21.66,2.39834,28857807.0,2.36757,1348400.716861233,1348400.716861233,,928.93,-0.38491,2025-09-12T22:28:41.429Z,23.6,3820.47622,2020-09-24T13:48:40.532Z,,2025-09-13T00:07:48.334Z,2025-09-12 19:09:16.880053
blockstack,stx,Stacks,https://coin-images.coingecko.com/coins/images/2069/large/Stacks_Logo_png.png?1709979332,0.688436,1239432772,111,1239432772,30343482.0,0.68935,0.665267,0.0112741,1.66491,17884438.0,1.46408,1798016746.16625,1798016746.16625,,3.86,-82.17235,2024-04-01T12:34:58.342Z,0.04559639,1410.90417,2020-03-13T02:29:26.415Z,"{'times': 4.7369626804073315, 'currency': 'usd', 'percentage': 473.6962680407332}",2025-09-13T00:07:48.101Z,2025-09-12 19:09:16.880053
solv-btc,solvbtc,Solv Protocol BTC,https://coin-images.coingecko.com/coins/images/36800/large/solvBTC.png?1719810684,115796.0,1185612055,112,1185612055,822816.0,116461.0,114177.0,228.43,0.19766,-20383814.15293312,-1.69021,10235.13839492938,10235.13839492938,21000000.0,123975.0,-6.20571,2025-08-14T01:19:27.940Z,49058.0,137.02936,2024-08-05T06:28:45.311Z,,2025-09-13T00:07:48.439Z,2025-09-12 19:09:16.880053
sonic-3,s,Sonic,https://coin-images.coingecko.com/coins/images/38108/large/200x200_Sonic_Logo.png?1734679256,0.314067,1185056726,113,1216593883,110558043.0,0.314179,0.304893,0.00888147,2.91018,31485902.0,2.72943,3784775845.0,3885497663.0,,1.029,-69.67139,2025-01-04T21:35:44.705Z,0.250194,24.7933,2025-06-22T19:45:12.848Z,,2025-09-13T00:07:47.786Z,2025-09-12 19:09:16.880053
curve-dao-token,crv,Curve DAO,https://coin-images.coingecko.com/coins/images/12124/large/Curve.png?1696511967,0.84242,1180590624,114,1941495183,149171617.0,0.842757,0.815977,0.01387303,1.67438,19957757.0,1.71956,1400867096.0,2303742435.060391,3030303031.0,15.37,-94.51781,2020-08-14T00:00:00.000Z,0.180354,367.26244,2024-08-05T11:41:26.119Z,,2025-09-13T00:07:48.002Z,2025-09-12 19:09:16.880053
lido-dao,ldo,Lido DAO,https://coin-images.coingecko.com/coins/images/13573/large/Lido_DAO.png?1696513326,1.3,1167448260,115,1303244299,92498677.0,1.31,1.26,0.01003757,0.7773,8127504.0,0.70106,895801548.0664213,1000000000.0,1000000000.0,7.3,-82.15063,2021-08-20T08:35:20.158Z,0.40615,220.94482,2022-06-18T20:55:12.035Z,,2025-09-13T00:07:47.970Z,2025-09-12 19:09:16.880053
aerodrome-finance,aero,Aerodrome Finance,https://coin-images.coingecko.com/coins/images/31745/large/token.png?1696530564,1.27,1139194009,116,2210522636,75908568.0,1.3,1.23,0.00741546,0.58792,4534749.0,0.39966,898230463.1801811,1742950503.213711,,2.32,-45.29985,2024-12-07T14:00:38.622Z,1.861e-05,6810055.40185,2023-10-17T01:23:50.860Z,,2025-09-13T00:07:47.880Z,2025-09-12 19:09:16.880053
first-digital-usd,fdusd,First Digital USD,https://coin-images.coingecko.com/coins/images/31079/large/FDUSD_icon_black.png?1731097953,0.998937,1127805487,117,1127805487,5815082076.0,1.0,0.996365,0.00104617,0.10484,5250520.0,0.46773,1129287455.447759,1129287455.447759,,1.15,-13.16426,2025-02-03T02:30:49.959Z,0.940377,6.31566,2024-12-05T22:30:51.394Z,,2025-09-13T00:07:48.005Z,2025-09-12 19:09:16.880053
msol,msol,Marinade Staked SOL,https://coin-images.coingecko.com/coins/images/17752/large/mSOL.png?1696517278,320.35,1107303480,118,1107303480,28409362.0,322.45,301.93,18.12,5.99715,57262268.0,5.45334,3452053.0,3452053.0,3452053.0,363.77,-11.93561,2025-01-19T11:26:02.862Z,8.93,3487.27055,2022-12-29T20:45:33.039Z,,2025-09-13T00:07:47.805Z,2025-09-12 19:09:16.880053
syrupusdc,syrupusdc,syrupUSDC,https://coin-images.coingecko.com/coins/images/54658/large/SyrupUSDCO.png?1748850129,1.12,1094989687,119,1094989687,9579324.0,1.12,1.12,0.00084386,0.07514,-1599617.159919262,-0.14587,974186645.149589,974186645.149589,,1.14,-1.09798,2025-08-17T23:46:01.758Z,1.055,6.57313,2025-08-01T06:27:19.933Z,,2025-09-13T00:07:48.226Z,2025-09-12 19:09:16.880053
super-oeth,superoeth,Super OETH,https://coin-images.coingecko.com/coins/images/39828/large/Super_OETH.png?1724208268,4702.7,1057975064,120,1057975064,226581.0,4724.23,4456.37,246.33,5.5276,56584057.0,5.65055,224500.418739319,224500.418739319,,4954.12,-5.19336,2025-08-24T19:27:56.125Z,1312.97,257.72511,2025-03-21T12:27:33.460Z,,2025-09-13T00:07:47.765Z,2025-09-12 19:09:16.880053
the-graph,grt,The Graph,https://coin-images.coingecko.com/coins/images/13397/large/Graph_Token.png?1696513159,0.100684,1055424505,121,1088032801,46564761.0,0.101148,0.0978,0.00078756,0.78838,9268643.0,0.88597,10476579411.49041,10800262816.04821,10800262823.318213,2.84,-96.4561,2021-02-12T07:28:45.775Z,0.052051,93.46395,2022-11-22T10:05:03.503Z,,2025-09-13T00:07:48.176Z,2025-09-12 19:09:16.880053
pax-gold,paxg,PAX Gold,https://coin-images.coingecko.com/coins/images/9519/large/paxgold.png?1696509604,3644.14,1051625751,122,1051625751,72269942.0,3655.49,3633.06,10.93,0.30087,3126122.0,0.29815,288605.774,288605.774,,3674.64,-0.84174,2025-09-09T13:51:46.814Z,1399.64,160.33143,2019-11-18T03:09:35.959Z,,2025-09-13T00:07:48.007Z,2025-09-12 19:09:16.880053
binance-bridged-usdc-bnb-smart-chain,usdc,Binance Bridged USDC (BNB Smart Chain),https://coin-images.coingecko.com/coins/images/35220/large/USDC.jpg?1707919050,0.999405,1048625004,123,1048625004,480518497.0,1.001,0.998391,-0.000589398849270784,-0.05894,-276779.7328929901,-0.02639,1048999979.839803,1048999979.839803,,1.031,-2.994,2024-03-05T20:15:29.285Z,0.942892,6.0769,2024-12-05T22:30:25.440Z,,2025-09-13T00:07:47.998Z,2025-09-12 19:09:16.880053
pyth-network,pyth,Pyth Network,https://coin-images.coingecko.com/coins/images/31924/large/pyth.png?1701245725,0.176971,1022231247,124,1777798555,113663968.0,0.183147,0.174521,-0.002758990457777832,-1.53508,-24567309.370711207,-2.3469,5749983560.785834,10000000000.0,10000000000.0,1.2,-85.15669,2024-03-16T07:01:15.357Z,0.081442,118.04651,2025-06-22T20:20:35.064Z,,2025-09-13T00:07:48.380Z,2025-09-12 19:09:16.880053
four,form,Four,https://coin-images.coingecko.com/coins/images/54912/large/four.jpg?1742461445,2.65,1018096546,125,1525814540,57340459.0,2.75,2.61,0.00409841,0.15467,370585.0,0.03641,381867255.14,572301922.1,580000000.0,4.19,-36.37459,2025-09-08T12:17:03.109Z,1.69,57.96893,2025-03-21T09:59:50.287Z,,2025-09-13T00:07:47.945Z,2025-09-12 19:09:16.880053
floki,floki,FLOKI,https://coin-images.coingecko.com/coins/images/16746/large/PNG_image.png?1696516318,0.00010472,1011659709,126,1047239115,120261152.0,0.00010499,9.855e-05,4.59e-06,4.58488,45688904.0,4.72984,9660255176559.0,10000000000000.0,10000000000000.0,0.00034495,-69.62122,2024-06-05T07:25:59.137Z,8.428e-08,124237.50453,2021-07-06T01:11:20.438Z,,2025-09-13T00:07:52.448Z,2025-09-12 19:09:16.880053
raydium,ray,Raydium,https://coin-images.coingecko.com/coins/images/13928/large/PSigc4ie_400x400.jpg?1696513668,3.68,988769525,127,2046667820,127387019.0,3.73,3.54,0.13396,3.77243,35559879.0,3.73054,268127089.855586,555000000.0,555000000.0,16.83,-78.09134,2021-09-12T20:20:23.998Z,0.134391,2644.1199,2022-12-29T22:15:53.927Z,,2025-09-13T00:07:48.210Z,2025-09-12 19:09:16.880053
arbitrum-bridged-wbtc-arbitrum-one,wbtc,Arbitrum Bridged WBTC (Arbitrum One),https://coin-images.coingecko.com/coins/images/39532/large/wbtc.png?1722810336,116181.0,971185235,128,971185235,143383260.0,116903.0,114794.0,833.38,0.7225,5880152.0,0.60915,8362.42355302,8362.42355302,,124121.0,-6.31264,2025-08-14T00:35:35.175Z,49594.0,134.47575,2024-08-05T13:30:13.831Z,,2025-09-13T00:07:47.986Z,2025-09-12 19:09:16.880053
dogwifcoin,wif,dogwifhat,https://coin-images.coingecko.com/coins/images/33566/large/dogwifhat.jpg?1702499428,0.952109,950481552,129,950481552,264948072.0,0.954704,0.893486,0.04314888,4.74706,43158163.0,4.75665,998926392.0,998926392.0,998926392.0,4.83,-80.31297,2024-03-31T09:34:58.366Z,0.00155464,61006.77062,2023-12-13T07:13:50.873Z,,2025-09-13T00:07:48.719Z,2025-09-12 19:09:16.880053
saros-finance,saros,Saros,https://coin-images.coingecko.com/coins/images/34594/large/_SAROS_-Mark.Purple_-_Token_logo.png?1755658309,0.358762,941789085,130,3587768179,6830658.0,0.363693,0.349683,0.00471966,1.33308,14067075.0,1.5163,2624999826.0,10000000000.0,10000000000.0,0.41359,-14.19906,2025-08-04T05:38:36.862Z,0.00101093,35002.83294,2024-08-05T07:07:02.188Z,,2025-09-13T00:07:47.835Z,2025-09-12 19:09:16.880053
conflux-token,cfx,Conflux,https://coin-images.coingecko.com/coins/images/13079/large/3vuYMbjN.png?1696512867,0.182842,939304833,131,1044113387,78645933.0,0.183248,0.175599,0.00218391,1.20886,12046447.0,1.29915,5134943682.610497,5707905728.839038,,1.7,-89.24609,2021-03-27T03:43:35.178Z,0.02199898,731.43627,2022-12-30T08:16:30.345Z,,2025-09-13T00:07:47.854Z,2025-09-12 19:09:16.880053
kaia,kaia,Kaia,https://coin-images.coingecko.com/coins/images/39901/large/KAIA.png?1724734368,0.158363,927908261,132,927908291,26756252.0,0.159031,0.155618,0.00024044,0.15206,1625732.0,0.17551,5856641747.106198,5856641936.044253,,0.406698,-61.00488,2024-12-03T00:11:32.242Z,0.090737,74.7832,2025-04-07T07:06:20.797Z,,2025-09-13T00:07:48.100Z,2025-09-12 19:09:16.880053
cgeth-hashkey-cloud,cgeth.hashkey,cgETH Hashkey Cloud,https://coin-images.coingecko.com/coins/images/54162/large/Cgeth_Hashkey.png?1738482570,4539.44,907566243,133,907566243,70.81,4539.85,4296.73,242.52,5.64399,48448108.0,5.63928,199929.02,199929.02,,4746.13,-4.34619,2025-08-24T19:06:16.774Z,1430.7,217.31559,2025-04-09T01:56:39.147Z,,2025-09-13T00:07:47.883Z,2025-09-12 19:09:16.880053
clbtc,clbtc,clBTC,https://coin-images.coingecko.com/coins/images/54164/large/clBTC.png?1738482999,117094.0,905304739,134,905304739,48.45,118098.0,115277.0,570.22,0.48936,14671366.0,1.6473,7723.217000000001,7723.217000000001,,129190.0,-9.44794,2025-07-24T19:16:34.717Z,51493.0,127.18452,2025-04-21T12:36:24.067Z,,2025-09-13T00:07:48.004Z,2025-09-12 19:09:16.880053
pancakeswap-token,cake,PancakeSwap,https://coin-images.coingecko.com/coins/images/12632/large/pancakeswap-cake-logo_%281%29.png?1696512440,2.61,902816638,135,945771282,59386620.0,2.61,2.53,0.075281,2.96702,26781510.0,3.05713,345478955.2569704,361916319.2505564,450000000.0,43.96,-94.05713,2021-04-30T10:08:22.934Z,0.194441,1243.73204,2020-11-03T14:29:34.165Z,,2025-09-13T00:07:48.593Z,2025-09-12 19:09:16.880053
fartcoin,fartcoin,Fartcoin,https://coin-images.coingecko.com/coins/images/50891/large/fart.jpg?1729503972,0.901662,902573951,136,902573951,196492662.0,0.921375,0.867696,0.00700617,0.78311,7209580.0,0.80521,999982962.282237,999982962.282237,1000000000.0,2.48,-63.63887,2025-01-19T20:41:07.782Z,0.02002855,4400.30589,2024-10-30T07:56:04.381Z,,2025-09-13T00:07:48.227Z,2025-09-12 19:09:16.880053
pendle,pendle,Pendle,https://coin-images.coingecko.com/coins/images/15069/large/Pendle_Logo_Normal-03.png?1696514728,5.26,888805893,137,1482222973,79945315.0,5.33,5.14,-0.053622936712216074,-1.00933,-9677592.571196675,-1.0771,168816203.7420036,281527448.4585314,281527448.4585314,7.5,-29.86541,2024-04-11T08:25:36.646Z,0.03377729,15480.08646,2022-11-14T20:15:58.336Z,,2025-09-13T00:07:48.354Z,2025-09-12 19:09:16.880053
virtual-protocol,virtual,Virtuals Protocol,https://coin-images.coingecko.com/coins/images/34057/large/LOGOMARK.png?1708356054,1.33,872649552,138,1331085379,84999074.0,1.34,1.26,0.04531858,3.53517,31341907.0,3.72538,655592470.1900146,1000000000.0,1000000000.0,5.07,-73.76422,2025-01-02T06:15:38.599Z,0.00748604,17650.9751,2024-01-23T20:55:21.653Z,,2025-09-13T00:07:48.769Z,2025-09-12 19:09:16.880053
theta-token,theta,Theta Network,https://coin-images.coingecko.com/coins/images/2538/large/theta-token-logo.png?1696503349,0.855983,857724951,139,857724951,24077627.0,0.858215,0.819849,0.01960296,2.34379,20448529.0,2.44227,1000000000.0,1000000000.0,1000000000.0,15.72,-94.5372,2021-04-16T13:15:11.190Z,0.04039979,2025.59834,2020-03-13T02:24:16.483Z,"{'times': 4.706553853845381, 'currency': 'usd', 'percentage': 470.6553853845381}",2025-09-13T00:07:48.166Z,2025-09-12 19:09:16.880053
gala,gala,GALA,https://coin-images.coingecko.com/coins/images/12493/large/GALA_token_image_-_200PNG.png?1709725869,0.01802537,829240161,141,829240161,109023249.0,0.01808951,0.01737915,0.00046007,2.61922,22524151.0,2.79208,45949791813.60469,45949791813.60469,50000000000.0,0.824837,-97.81216,2021-11-26T01:03:48.731Z,0.00013475,13292.33837,2020-12-28T08:46:48.367Z,,2025-09-13T00:07:48.197Z,2025-09-12 19:09:16.880053
ethereum-name-service,ens,Ethereum Name Service,https://coin-images.coingecko.com/coins/images/19785/large/ENS.jpg?1727872989,24.91,826359580,140,2491617677,81965045.0,25.16,24.04,0.677128,2.79405,23573212.0,2.93642,33165585.054507963,100000000.0,100000000.0,83.4,-70.11939,2021-11-11T02:20:01.099Z,6.69,272.45267,2023-10-19T02:35:00.861Z,,2025-09-13T00:07:48.057Z,2025-09-12 19:09:16.880053
tezos,xtz,Tezos,https://coin-images.coingecko.com/coins/images/976/large/Tezos-logo.png?1696502091,0.777474,822929340,142,838531501,62088896.0,0.792394,0.754674,0.02244063,2.97214,23713057.0,2.96704,1058222355.569991,1078285506.440982,,9.12,-91.47708,2021-10-04T00:41:18.025Z,0.350476,121.68549,2018-12-07T00:00:00.000Z,"{'times': 0.6541999316674044, 'currency': 'usd', 'percentage': 65.41999316674044}",2025-09-13T00:07:47.867Z,2025-09-12 19:09:16.880053
l2-standard-bridged-weth-base,weth,L2 Standard Bridged WETH (Base),https://coin-images.coingecko.com/coins/images/39810/large/weth.png?1724139790,4706.05,821875373,143,821875373,950279965.0,4726.73,4454.56,246.88,5.53638,17094073.0,2.12406,174258.3842995549,174258.3842995549,,4952.69,-5.17148,2025-08-24T19:25:21.091Z,1394.17,236.87113,2025-04-09T01:31:06.248Z,,2025-09-13T00:07:48.720Z,2025-09-12 19:09:16.880053
zcash,zec,Zcash,https://coin-images.coingecko.com/coins/images/486/large/circle-zcash-color.png?1696501740,49.86,811492733,144,811492733,110060151.0,50.22,47.23,1.68,3.48637,31212251.0,4.00013,16275367.3530448,16275367.3530448,21000000.0,3191.93,-98.43798,2016-10-29T00:00:00.000Z,16.08,210.06338,2024-07-05T04:22:29.321Z,,2025-09-13T00:07:48.101Z,2025-09-12 19:09:16.880053
iota,iota,IOTA,https://coin-images.coingecko.com/coins/images/692/large/IOTA_Thumbnail_%281%29.png?1743772896,0.199412,800419816,145,936182424,15877039.0,0.199691,0.193429,0.00461742,2.37041,17640533.0,2.25358,4018157691.0,4699694501.0,,5.25,-96.2078,2017-12-19T00:00:00.000Z,0.081637,143.81497,2020-03-13T02:22:41.168Z,"{'times': 0.2821367127148903, 'currency': 'btc', 'percentage': 28.21367127148903}",2025-09-13T00:07:47.805Z,2025-09-12 19:09:16.880053
vaulta,a,Vaulta,https://coin-images.coingecko.com/coins/images/55616/large/Vaulta_CEX_Icon_Circle_-_cmc.png?1746859132,0.48954,779212867,146,1028867604,80548330.0,0.490568,0.471419,0.01812155,3.84404,30840864.0,4.12106,1590434974.4295,2100000000.0,2100000000.0,0.778734,-37.10191,2025-05-28T08:22:53.913Z,0.450713,8.6742,2025-09-05T01:21:03.759Z,,2025-09-13T00:07:47.969Z,2025-09-12 19:09:16.880053
the-sandbox,sand,The Sandbox,https://coin-images.coingecko.com/coins/images/12129/large/sandbox_logo.jpg?1696511971,0.314354,769233612,147,943514162,74142671.0,0.31453,0.29719,0.01066242,3.51094,26058078.0,3.50632,2445857126.2233224,3000000000.0,3000000000.0,8.4,-96.25472,2021-11-25T06:04:40.957Z,0.02897764,985.26155,2020-11-04T15:59:14.441Z,,2025-09-13T00:07:48.209Z,2025-09-12 19:09:16.880053
jito-governance-token,jto,Jito,https://coin-images.coingecko.com/coins/images/33228/large/jto.png?1701137022,1.99,754129190,148,2003248396,118676059.0,2.02,1.8,0.148396,8.04743,61083827.0,8.81383,376453160.3,1000000000.0,,6.01,-66.67416,2023-12-07T16:04:48.717Z,1.43,40.58774,2025-04-07T06:57:23.706Z,,2025-09-13T00:07:47.907Z,2025-09-12 19:09:16.880053
ripple-usd,rlusd,Ripple USD,https://coin-images.coingecko.com/coins/images/39651/large/RLUSD_200x200_%281%29.png?1727376633,0.999716,729828449,149,729828449,100077720.0,1.001,0.998948,0.00025216,0.02523,1122175.0,0.154,729950821.4599981,729950821.4599981,,1.073,-6.77855,2024-12-26T10:45:52.337Z,0.962292,3.9286,2024-12-18T04:40:40.880Z,,2025-09-13T00:07:48.015Z,2025-09-12 19:09:16.880053
morpho,morpho,Morpho,https://coin-images.coingecko.com/coins/images/29837/large/Morpho-token-icon.png?1726771230,2.19,728044502,150,2196778026,30514394.0,2.21,2.08,0.068594,3.22853,24112171.0,3.42535,331414687.0431407,1000000000.0,1000000000.0,4.17,-47.24831,2025-01-17T12:46:19.818Z,0.713151,208.49915,2024-11-25T01:55:43.353Z,,2025-09-13T00:07:47.938Z,2025-09-12 19:09:16.880053
ousg,ousg,OUSG,https://coin-images.coingecko.com/coins/images/29023/large/OUSG.png?1696527993,112.55,724905205,151,724905205,0.0,112.55,112.53,0.024594,0.02186,102659.0,0.01416,6440529.257517687,6440529.257517687,,112.55,0.0,2025-09-12T20:40:03.905Z,95.09,18.36468,2023-03-22T20:00:17.106Z,,2025-09-13T00:05:06.948Z,2025-09-12 19:09:16.880053
jasmycoin,jasmy,JasmyCoin,https://coin-images.coingecko.com/coins/images/13876/large/JASMY200x200.jpg?1696513620,0.01494772,724781475,152,748431924,39480408.0,0.01499466,0.01437453,0.00022745,1.54516,14361496.0,2.02155,48419999999.3058,50000000000.0,50000000000.0,4.79,-99.6875,2021-02-16T03:53:32.207Z,0.00275026,444.27189,2022-12-29T20:41:09.113Z,,2025-09-13T00:07:47.987Z,2025-09-12 19:09:16.880053
stader-ethx,ethx,Stader ETHx,https://coin-images.coingecko.com/coins/images/30870/large/staderx.png?1696529717,5025.02,718680911,153,718680911,249750.0,5047.61,4760.84,261.88,5.49805,39570990.0,5.82689,142730.6513127079,142730.6513127079,,5253.42,-4.45973,2025-08-24T19:18:48.111Z,1474.49,240.39802,2025-04-09T01:32:31.885Z,,2025-09-13T00:07:47.982Z,2025-09-12 19:09:16.880053
binance-peg-dogecoin,doge,Binance-Peg Dogecoin,https://coin-images.coingecko.com/coins/images/15768/large/dogecoin.png?1696515392,0.275521,706424762,154,706424762,6927924.0,0.277716,0.2551,0.01927844,7.5235,50766938.0,7.7429,2564408299.183791,2564408299.183791,,0.480585,-42.63234,2024-12-08T04:37:38.676Z,0.04955727,456.32647,2022-06-18T20:56:27.223Z,,2025-09-13T00:07:47.964Z,2025-09-12 19:09:16.880053
tbtc,tbtc,tBTC,https://coin-images.coingecko.com/coins/images/11224/large/0x18084fba666a33d37592fa2633fd49a74dd93a88.png?1696511155,115833.0,688120322,155,688120322,15943946.0,116764.0,114304.0,827.83,0.71982,3686551.0,0.53863,5937.42315679,5937.42315679,,123844.0,-6.41812,2025-08-14T00:43:08.849Z,10104.3,1046.99684,2020-09-23T00:00:00.000Z,,2025-09-13T00:07:48.520Z,2025-09-12 19:09:16.880053
ondo-us-dollar-yield,usdy,Ondo US Dollar Yield,https://coin-images.coingecko.com/coins/images/31700/large/usdy_%281%29.png?1696530524,1.088,681939276,156,683008499,1135654.0,1.099,1.082,-0.005399895208150207,-0.49381,-7184671.5094156265,-1.04258,626713180.0730642,627695812.8708516,,1.26,-13.85139,2024-03-27T05:24:08.110Z,0.934184,16.47565,2024-01-14T11:40:50.825Z,,2025-09-13T00:07:47.974Z,2025-09-12 19:09:16.880053
usdx-money-usdx,usdx,Stables Labs USDX,https://coin-images.coingecko.com/coins/images/50360/large/USDX200px.png?1731906044,0.997499,679316129,158,679316129,239380.0,0.999003,0.996279,-0.000707766861199888,-0.0709,-404258.05082285404,-0.05947,680952984.1841552,680952984.1841552,,1.057,-5.63882,2024-12-06T21:42:23.559Z,0.944423,5.63769,2025-02-05T20:50:54.140Z,,2025-09-13T00:07:48.123Z,2025-09-12 19:09:16.880053
flow,flow,Flow,https://coin-images.coingecko.com/coins/images/13446/large/5f6294c0c7a8cda55cb1c936_Flow_Wordmark.png?1696513210,0.421763,679296754,157,679296754,12672752.0,0.424284,0.408236,0.00728956,1.75875,12790364.0,1.91902,1608348718.269668,1608348718.269668,,42.4,-99.00374,2021-04-05T13:49:10.098Z,0.292024,44.64113,2025-06-22T20:20:12.921Z,,2025-09-13T00:07:48.215Z,2025-09-12 19:09:16.880053
arbitrum-bridged-weth-arbitrum-one,weth,Arbitrum Bridged WETH (Arbitrum One),https://coin-images.coingecko.com/coins/images/39713/large/WETH.PNG?1723731496,4703.59,677383689,159,677383689,463929709.0,4726.12,4454.63,244.63,5.48636,1184577.0,0.17518,143684.7418275697,143684.7418275697,,4952.19,-5.14521,2025-08-24T19:25:21.070Z,1395.31,236.6563,2025-04-09T01:32:31.046Z,,2025-09-13T00:07:48.389Z,2025-09-12 19:09:16.880053
ether-fi,ethfi,Ether.fi,https://coin-images.coingecko.com/coins/images/35958/large/etherfi.jpeg?1710254562,1.44,675724323,160,1442763158,138605661.0,1.51,1.41,-0.030614649024647278,-2.0786,-10324976.683507204,-1.50499,467826460.0,998872999.0,1000000000.0,8.53,-83.12834,2024-03-27T23:14:46.721Z,0.40432,255.89827,2025-04-07T06:55:38.982Z,,2025-09-13T00:07:48.015Z,2025-09-12 19:09:16.880053
coinbase-wrapped-staked-eth,cbeth,Coinbase Wrapped Staked ETH,https://coin-images.coingecko.com/coins/images/27008/large/cbeth.png?1709186989,5175.7,655250567,161,1934829066,21985843.0,5192.75,4900.7,266.64,5.43163,35004118.0,5.64358,126433.5805034566,373334.0782232124,,5441.47,-5.01156,2025-08-24T19:27:49.680Z,1036.96,398.45558,2022-11-09T23:45:43.665Z,,2025-09-13T00:07:50.436Z,2025-09-12 19:09:16.880053
aethir,ath,Aethir,https://coin-images.coingecko.com/coins/images/36179/large/logogram_circle_dark_green_vb_green_%281%29.png?1718232706,0.054217,653843246,162,2249062703,373303377.0,0.061889,0.049938,0.00302662,5.91251,91073012.0,16.18298,12210160394.0,42000000000.0,42000000000.0,0.118536,-55.23784,2024-06-12T10:00:49.718Z,0.02439678,117.48448,2025-04-07T06:56:24.011Z,,2025-09-13T00:07:48.066Z,2025-09-12 19:09:16.880053
mantle-restaked-eth,cmeth,Mantle Restaked ETH,https://coin-images.coingecko.com/coins/images/51114/large/symbol.png?1730117724,5030.83,651267306,163,651267306,9839455.0,5041.99,4763.33,253.28,5.30147,36975324.0,6.01918,128943.7800702614,128943.7800702614,,5306.91,-5.08609,2025-08-24T19:18:55.595Z,1480.7,240.17635,2025-04-09T01:30:47.033Z,,2025-09-13T00:07:48.033Z,2025-09-12 19:09:16.880053
ether-fi-staked-eth,eeth,ether.fi Staked ETH,https://coin-images.coingecko.com/coins/images/33049/large/ether.fi_eETH.png?1700473063,4687.16,649831641,164,13354574147,64351.0,4709.04,4446.18,238.01,5.34958,48090855.0,7.99196,138372.2766619201,2843663.976964812,,5307.23,-11.82127,2024-08-06T16:16:30.007Z,975.47,379.75164,2025-09-02T06:51:33.410Z,,2025-09-13T00:07:48.035Z,2025-09-12 19:09:16.880053
newton-project,ab,AB,https://coin-images.coingecko.com/coins/images/4376/large/400%E6%96%B9.png?1740377493,0.0084288,648929717,165,833185293,22311893.0,0.00844972,0.00840597,2.102e-05,0.25006,2715405.0,0.4202,76969206027.95,98823661261.46,100000000000.0,0.01727373,-51.21148,2025-03-22T08:04:44.760Z,3.8e-06,221397.48207,2022-10-11T02:32:18.937Z,"{'times': 2.511999697978828, 'currency': 'usd', 'percentage': 251.1999697978828}",2025-09-13T00:07:47.932Z,2025-09-12 19:09:16.880053
walrus-2,wal,Walrus,https://coin-images.coingecko.com/coins/images/54914/large/WAL_logo.png?1742494301,0.448233,648628828,166,2242450573,28344195.0,0.453361,0.439277,0.0020477,0.45894,3087564.0,0.47829,1446250000.0,5000000000.0,5000000000.0,0.759179,-40.9388,2025-05-14T08:10:39.605Z,0.360051,24.53243,2025-06-22T20:31:22.243Z,,2025-09-13T00:07:47.962Z,2025-09-12 19:09:16.880053
bittorrent,btt,BitTorrent,https://coin-images.coingecko.com/coins/images/22457/large/btt_logo.png?1696521780,6.54547e-07,646141736,167,648722773,17496703.0,6.55273e-07,6.41864e-07,1.2284e-08,1.91264,12607378.0,1.99001,986061142857000.0,990000000000000.0,990000000000000.0,3.43e-06,-80.92643,2022-01-21T04:00:31.909Z,3.65368e-07,79.1288,2023-10-13T05:10:41.241Z,,2025-09-13T00:07:48.658Z,2025-09-12 19:09:16.880053
decentraland,mana,Decentraland,https://coin-images.coingecko.com/coins/images/878/large/decentraland-mana.png?1696502010,0.333935,640943201,168,732449575,38685272.0,0.334554,0.318358,0.00927206,2.85591,16877348.0,2.70442,1919181096.9888878,2193179327.320146,2193179327.320146,5.85,-94.29889,2021-11-25T10:04:18.534Z,0.00923681,3511.22052,2017-10-31T00:00:00.000Z,"{'times': 15.6967269020172, 'currency': 'usd', 'percentage': 1569.67269020172}",2025-09-13T00:07:48.204Z,2025-09-12 19:09:16.880053
sweth,sweth,Swell Ethereum,https://coin-images.coingecko.com/coins/images/30326/large/_lB7zEtS_400x400.jpg?1696529227,5116.84,622951312,169,622968680,432910.0,5142.0,4889.63,219.04,4.47216,28422966.0,4.78076,121323.095741077,121326.478319651,,5370.2,-4.82138,2025-08-24T19:22:28.159Z,1516.13,237.12772,2025-04-09T01:31:40.463Z,,2025-09-13T00:07:48.665Z,2025-09-12 19:09:16.880053
loaded-lions,lion,Loaded Lions,https://coin-images.coingecko.com/coins/images/54686/large/_LION_Token_Artwork.png?1741015702,0.0195444,598216619,170,1955046147,993578.0,0.01983574,0.01934631,-0.000100936563754758,-0.51379,-3872613.7277926207,-0.6432,30598593274.0,100000000000.0,100000000000.0,0.03159196,-37.95147,2025-08-28T02:22:49.420Z,0.00221931,783.26204,2025-03-04T09:34:06.201Z,,2025-09-13T00:07:48.078Z,2025-09-12 19:09:16.880053
global-dollar,usdg,Global Dollar,https://coin-images.coingecko.com/coins/images/51281/large/GDN_USDG_Token_200x200.png?1730484111,0.999793,591590045,171,591590045,29485799.0,1.0,0.999669,3.21e-06,0.00032,-6761337.28721571,-1.12999,591710075.39053,591710075.39053,,1.65,-39.57095,2025-01-30T00:11:05.728Z,0.907561,10.16427,2024-11-11T23:55:50.604Z,,2025-09-13T00:07:48.243Z,2025-09-12 19:09:16.880053
beldex,bdx,Beldex,https://coin-images.coingecko.com/coins/images/5111/large/Beldex.png?1696505631,0.077633,570212004,172,771401027,5241786.0,0.079645,0.075608,0.00194959,2.57597,14425699.0,2.59555,7345309315.530317,9936969246.806103,,0.450785,-82.78504,2018-12-17T00:00:00.000Z,0.00027519,28100.03945,2019-11-01T11:05:12.090Z,"{'times': -0.6894675837785267, 'currency': 'usd', 'percentage': -68.94675837785267}",2025-09-13T00:07:48.219Z,2025-09-12 19:09:16.880053
usual-usd,usd0,Usual USD,https://coin-images.coingecko.com/coins/images/38272/large/USD0LOGO.png?1716962811,0.998111,565704545,173,565704545,1005916.0,0.999638,0.996917,-0.000227726019681906,-0.02281,-116733.4887624979,-0.02063,566775631.624673,566775631.624673,,1.33,-24.75146,2024-07-12T08:28:59.311Z,0.962885,3.60217,2025-04-10T08:30:51.088Z,,2025-09-13T00:07:48.063Z,2025-09-12 19:09:16.880053
starknet,strk,Starknet,https://coin-images.coingecko.com/coins/images/26433/large/starknet.png?1696525507,0.136081,555368978,174,1362156645,26977828.0,0.137246,0.13227,0.00084823,0.62723,3980135.0,0.72184,4077130043.348971,10000000000.0,10000000000.0,4.41,-96.92225,2024-02-20T12:05:13.556Z,0.097027,40.00314,2025-06-22T20:21:37.039Z,,2025-09-13T00:07:48.356Z,2025-09-12 19:09:16.880053
vision-3,vsn,Vision,https://coin-images.coingecko.com/coins/images/67399/large/Logo-Vision-Symbol-BG-Green.png?1752676915,0.169575,549604673,175,711699953,2126113.0,0.172858,0.164953,0.00034321,0.2028,477626.0,0.08698,3243416859.097754,4200000000.0,4200000000.0,0.223874,-23.88357,2025-08-11T11:13:12.424Z,0.120088,41.90006,2025-07-21T06:42:09.192Z,,2025-09-13T00:07:48.051Z,2025-09-12 19:09:16.880053
build-on,b,BUILDon,https://coin-images.coingecko.com/coins/images/55974/large/T7asvmCb_400x400.jpg?1747902862,0.545155,545164203,176,545164203,8007617.0,0.557148,0.537663,-0.011714672429424255,-2.10366,-12751548.159811616,-2.28557,1000000000.0,1000000000.0,1000000000.0,0.731588,-25.40017,2025-08-31T21:31:16.268Z,0.175498,210.98029,2025-05-23T11:15:45.539Z,,2025-09-13T00:07:47.974Z,2025-09-12 19:09:16.880053
syrup,syrup,Maple Finance,https://coin-images.coingecko.com/coins/images/51232/large/_syrup_token_logo.png?1747292046,0.478033,533707496,177,573186855,28251376.0,0.481975,0.454903,0.01318652,2.83675,13065701.0,2.50954,1117604386.1106412,1200275708.54902,,0.653229,-26.90814,2025-06-25T14:15:45.145Z,0.085229,460.20382,2025-04-07T07:46:35.793Z,,2025-09-13T00:07:48.131Z,2025-09-12 19:09:16.880053
bitcoin-avalanche-bridged-btc-b,btc.b,Avalanche Bridged BTC (Avalanche),https://coin-images.coingecko.com/coins/images/26115/large/btcb.png?1696525205,116127.0,532997534,178,532997534,45271217.0,116628.0,114713.0,708.9,0.6142,2037147.0,0.38367,4592.46615412,4592.46615412,,124076.0,-6.40662,2025-08-14T00:33:23.017Z,7806.11,1387.64518,2023-03-03T05:01:42.603Z,,2025-09-13T00:07:48.103Z,2025-09-12 19:09:16.880053
bitcoin-cash-sv,bsv,Bitcoin SV,https://coin-images.coingecko.com/coins/images/6799/large/BSV.png?1696507128,26.71,532836990,179,532836990,17585266.0,26.77,26.1,0.339944,1.28896,7748069.0,1.47557,19905093.75,19905093.75,21000000.0,489.75,-94.53631,2021-04-16T17:09:04.630Z,21.43,24.83626,2023-06-10T04:32:12.266Z,,2025-09-13T00:07:48.151Z,2025-09-12 19:09:16.880053
based-brett,brett,Brett,https://coin-images.coingecko.com/coins/images/35529/large/1000050750.png?1709031995,0.053578,532632402,180,532632402,56539602.0,0.053842,0.04972947,0.00188936,3.6553,19794522.0,3.8598,9909843449.890543,9909843449.890543,9999998988.0,0.234204,-77.19262,2024-12-01T16:31:18.357Z,0.00084753,6202.54648,2024-02-29T08:40:24.951Z,,2025-09-13T00:07:48.409Z,2025-09-12 19:09:16.880053
frax-ether,frxeth,Frax Ether,https://coin-images.coingecko.com/coins/images/28284/large/frxETH_icon.png?1696527284,4688.31,523272781,181,523272781,3305085.0,4703.41,4436.23,249.49,5.62055,27353536.0,5.51572,111614.7108706847,111614.7108706847,,4906.89,-4.54668,2025-08-24T18:42:39.945Z,1137.25,311.8529,2022-11-23T02:25:33.267Z,,2025-09-13T00:07:48.096Z,2025-09-12 19:09:16.880053
dydx-chain,dydx,dYdX,https://coin-images.coingecko.com/coins/images/32594/large/dydx.png?1698673495,0.667186,522891491,182,640302438,13488383.0,0.671926,0.650377,0.00285136,0.42921,3839106.0,0.73964,782613401.8312726,958342751.0,1000000000.0,4.52,-85.20955,2024-03-07T22:19:11.131Z,0.418236,59.79704,2025-06-22T20:22:23.718Z,,2025-09-13T00:07:48.472Z,2025-09-12 19:09:16.880053
polygon-pos-bridged-weth-polygon-pos,weth,Polygon PoS Bridged WETH (Polygon POS),https://coin-images.coingecko.com/coins/images/39708/large/WETH.PNG?1723730343,4704.36,518371355,183,518371355,17260607.0,4718.74,4454.22,246.34,5.52581,32105632.0,6.60249,109949.3671178252,109949.3671178252,,4948.98,-5.10794,2025-08-24T19:27:23.389Z,1390.73,237.67791,2025-04-09T01:31:27.335Z,,2025-09-13T00:07:48.407Z,2025-09-12 19:09:16.880053
bybit-staked-sol,bbsol,Bybit Staked SOL,https://coin-images.coingecko.com/coins/images/40095/large/400x400.png?1725628094,267.49,515347090,184,515347090,10679997.0,268.77,252.27,14.8,5.85872,26355228.0,5.38971,1924762.334969909,1924762.334969909,,308.6,-13.22974,2025-01-19T11:17:15.246Z,103.09,159.73865,2025-04-07T06:57:27.130Z,,2025-09-13T00:07:48.289Z,2025-09-12 19:09:16.880053
benqi-liquid-staked-avax,savax,BENQI Liquid Staked AVAX,https://coin-images.coingecko.com/coins/images/23657/large/savax_blue.png?1696522860,35.48,509675622,185,509675622,1284710.0,35.96,34.6,-0.264684270345235,-0.74053,-1653319.0913667083,-0.32334,14357828.96170628,14357828.96170628,,103.55,-65.73714,2022-04-02T13:44:54.612Z,9.25,283.61731,2023-09-14T12:26:14.318Z,,2025-09-13T00:07:48.453Z,2025-09-12 19:09:16.880053
eigenlayer,eigen,EigenCloud (prev. EigenLayer),https://coin-images.coingecko.com/coins/images/37441/large/eigencloud.jpg?1751003565,1.53,505739879,186,2675267382,94875147.0,1.54,1.44,0.02648043,1.7662,9180475.0,1.84882,330315911.041743,1747308089.957373,,5.65,-72.89808,2024-12-17T03:45:30.422Z,0.668501,128.88574,2025-04-09T01:30:50.669Z,,2025-09-13T00:07:48.546Z,2025-09-12 19:09:16.880053
apecoin,ape,ApeCoin,https://coin-images.coingecko.com/coins/images/24383/large/APECOIN.png?1756551529,0.622968,497648053,187,622483751,29186243.0,0.624325,0.603812,0.00808455,1.31481,5715890.0,1.16193,799455492.0,1000000000.0,1000000000.0,26.7,-97.66641,2022-04-28T21:44:21.164Z,0.354833,75.57448,2025-04-07T06:55:35.578Z,,2025-09-13T00:07:48.525Z,2025-09-12 19:09:16.880053
instadapp,fluid,Fluid,https://coin-images.coingecko.com/coins/images/14688/large/Logo_1_%28brighter%29.png?1734430693,6.47,497502560,188,648183998,2922849.0,6.5,6.04,0.320629,5.21565,25347240.0,5.36841,76753292.53490426,100000000.0,100000000.0,24.4,-73.45458,2021-06-16T20:02:32.097Z,0.366538,1667.1558,2022-12-28T16:20:48.360Z,,2025-09-13T00:07:48.152Z,2025-09-12 19:09:16.880053
true-usd,tusd,TrueUSD,https://coin-images.coingecko.com/coins/images/3449/large/tusd.png?1696504140,0.999154,493800190,189,493800190,17674507.0,1.0,0.997058,0.00164134,0.16454,-326052.8277577758,-0.06599,494515083.0,494515083.0,,1.62,-38.26786,2018-08-26T20:41:09.375Z,0.88355,13.08276,2020-03-12T10:47:51.380Z,,2025-09-13T00:07:49.551Z,2025-09-12 19:09:16.880053
arweave,ar,Arweave,https://coin-images.coingecko.com/coins/images/4343/large/oRt6SiEN_400x400.jpg?1696504946,7.52,492811991,190,492811991,28496612.0,7.57,7.13,0.245813,3.37855,16429409.0,3.44878,65454185.5381511,65454185.5381511,66000000.0,89.24,-91.56543,2021-11-05T04:14:42.689Z,0.298788,2419.04574,2020-01-31T06:47:36.543Z,"{'times': 9.164185783196853, 'currency': 'usd', 'percentage': 916.4185783196853}",2025-09-13T00:07:48.360Z,2025-09-12 19:09:16.880053
keeta,kta,Keeta,https://coin-images.coingecko.com/coins/images/54723/large/2025-03-05_22.53.06.jpg?1741234207,1.16,492083183,191,1165756444,10648761.0,1.18,1.074,0.024682,2.16938,12351131.0,2.57459,422114915.9726376,1000000000.0,1000000000.0,1.68,-31.0966,2025-06-09T08:25:28.951Z,0.0068199,16891.06555,2025-03-08T15:56:27.362Z,,2025-09-13T00:07:48.666Z,2025-09-12 19:09:16.880053
usdd,usdd,USDD,https://coin-images.coingecko.com/coins/images/25380/large/UUSD.jpg?1696524513,1.001,491084208,192,491084208,46224735.0,1.001,0.999322,2.265e-05,0.00226,-1314019.651219666,-0.26686,490784725.0,490784725.0,,1.052,-4.87117,2023-10-23T22:45:25.398Z,0.928067,7.81369,2022-06-19T16:15:11.558Z,,2025-09-13T00:07:48.845Z,2025-09-12 19:09:16.880053
helium,hnt,Helium,https://coin-images.coingecko.com/coins/images/4284/large/helium_logo_use.png?1748092589,2.63,491033341,193,588219204,14974895.0,2.69,2.56,-0.018171241158463136,-0.68699,-2066930.6862053275,-0.41917,186155831.3957918,223000000.0,223000000.0,54.88,-95.187,2021-11-12T23:08:25.301Z,0.113248,2232.26,2020-04-18T00:19:10.902Z,,2025-09-13T00:07:48.416Z,2025-09-12 19:09:16.880053
reserve-rights-token,rsr,Reserve Rights,https://coin-images.coingecko.com/coins/images/8365/large/RSR_Blue_Circle_1000.png?1721777856,0.00814346,487212559,194,814289037,19694975.0,0.00824805,0.00790021,-5.9617574885894e-05,-0.72677,-3425706.9939590693,-0.69821,59832877066.0,100000000000.0,100000000000.0,0.117424,-93.06802,2021-04-16T17:45:02.062Z,0.00121354,570.74519,2020-03-16T11:09:08.151Z,"{'times': 6.403148910575435, 'currency': 'usd', 'percentage': 640.3148910575435}",2025-09-13T00:07:48.330Z,2025-09-12 19:09:16.880053
neo,neo,NEO,https://coin-images.coingecko.com/coins/images/480/large/NEO_512_512.png?1696501735,6.84,483088205,195,684940032,20317765.0,6.85,6.66,0.099198,1.4717,7444711.0,1.56519,70530000.0,100000000.0,,198.38,-96.54967,2018-01-15T00:00:00.000Z,0.078349,8636.26857,2016-10-21T00:00:00.000Z,"{'times': 188.9875637833035, 'currency': 'usd', 'percentage': 18898.75637833035}",2025-09-13T00:07:53.095Z,2025-09-12 19:09:16.880053
telcoin,tel,Telcoin,https://coin-images.coingecko.com/coins/images/1899/large/tel.png?1696502892,0.00521231,481894976,196,520532914,2000443.0,0.00532739,0.00514566,-3.031596013665e-06,-0.05813,-536652.3963089585,-0.11124,92577234366.71,100000000000.0,100000000000.0,0.064483,-91.93805,2021-05-11T00:32:24.043Z,6.474e-05,7930.3776,2020-03-13T02:24:47.992Z,"{'times': 4.212312018438323, 'currency': 'usd', 'percentage': 421.2312018438323}",2025-09-13T00:07:48.267Z,2025-09-12 19:09:16.880053
coredaoorg,core,Core,https://coin-images.coingecko.com/coins/images/28938/large/file_589.jpg?1701868471,0.469214,474551399,197,985424218,21211981.0,0.470819,0.457923,0.00717149,1.55213,7214090.0,1.54366,1011298402.554379,2100000000.0,2100000000.0,6.14,-92.36363,2023-02-08T12:55:39.828Z,0.334237,40.3646,2023-11-03T01:20:55.441Z,,2025-09-13T00:07:48.105Z,2025-09-12 19:09:16.880053
mantle-bridged-usdt-mantle,usdt,Mantle Bridged USDT (Mantle),https://coin-images.coingecko.com/coins/images/35069/large/logo.png?1707291114,0.998453,473376533,198,473376533,6107315.0,1.012,0.989436,-0.002919581752238942,-0.29156,3744262.0,0.79728,474373023.372885,474373023.372885,,1.26,-20.68716,2024-03-27T05:23:28.006Z,0.869914,15.33169,2024-03-15T09:13:18.491Z,,2025-09-13T00:07:48.125Z,2025-09-12 19:09:16.880053
thorchain,rune,THORChain,https://coin-images.coingecko.com/coins/images/6595/large/Rune200x200.png?1696506946,1.32,466384771,199,564715815,37905218.0,1.33,1.27,0.02871459,2.21713,11105306.0,2.43923,351321134.0,425392536.0,500000000.0,20.87,-93.6381,2021-05-19T00:30:09.436Z,0.00851264,15495.31766,2019-09-28T00:00:00.000Z,"{'times': 33.83786306022626, 'currency': 'usd', 'percentage': 3383.7863060226264}",2025-09-13T00:07:48.316Z,2025-09-12 19:09:16.880053
superstate-short-duration-us-government-securities-fund-ustb,ustb,Superstate Short Duration U.S. Government Securities Fund (USTB),https://coin-images.coingecko.com/coins/images/35012/large/ustb.jpeg?1707102680,10.82,465921095,200,465921095,0.0,10.82,10.82,0.001223,0.01131,20186684.0,4.52886,43065409.908774,43065409.908774,,10.82,0.0,2025-09-12T13:20:06.536Z,10.29,5.13239,2025-02-26T09:55:09.261Z,,2025-09-13T00:05:01.769Z,2025-09-12 19:09:16.880053
zksync,zk,ZKsync,https://coin-images.coingecko.com/coins/images/38043/large/ZKTokenBlack.png?1718614502,0.062772,454544177,201,1319929718,18095511.0,0.062945,0.06001,0.00146151,2.38379,11137083.0,2.51171,7231769682.371818,21000000000.0,21000000000.0,0.320983,-80.45514,2024-06-17T07:44:40.385Z,0.03697818,69.65571,2025-06-22T20:21:44.030Z,,2025-09-13T00:07:48.959Z,2025-09-12 19:09:16.880053
wormhole,w,Wormhole,https://coin-images.coingecko.com/coins/images/35087/large/womrhole_logo_full_color_rgb_2000px_72ppi_fb766ac85a.png?1708688954,0.094446,449253904,202,944293022,70140885.0,0.098454,0.092782,-0.002026746621367842,-2.10085,-5378271.558283985,-1.18299,4757568826.0,10000000000.0,10000000000.0,1.66,-94.2947,2024-04-03T11:46:35.308Z,0.051583,83.35123,2025-06-22T20:21:05.616Z,,2025-09-13T00:07:48.833Z,2025-09-12 19:09:16.880053
chain-2,xcn,Onyxcoin,https://coin-images.coingecko.com/coins/images/24210/large/onyxlogo.jpg?1696523397,0.01267353,442921714,203,611900135,58860459.0,0.01322387,0.01084805,0.00179868,16.53985,61918049.0,16.2513,35035926812.228485,48402432408.48609,48402432408.48609,0.184139,-93.11288,2022-05-27T11:45:24.820Z,0.0007055,1697.57042,2023-10-11T20:12:02.910Z,,2025-09-13T00:07:48.814Z,2025-09-12 19:09:16.880053
polygon-pos-bridged-dai-polygon-pos,dai,Polygon PoS Bridged DAI (Polygon POS),https://coin-images.coingecko.com/coins/images/39787/large/dai.png?1724110678,0.999917,442185829,204,442185829,23933777.0,1.0,0.999434,0.00033357,0.03337,602392.0,0.13642,442251441.4957236,442251441.4957236,,1.025,-2.45115,2024-12-05T22:35:45.220Z,0.957024,4.47347,2024-12-05T22:30:49.634Z,,2025-09-13T00:07:48.197Z,2025-09-12 19:09:16.880053
axie-infinity,axs,Axie Infinity,https://coin-images.coingecko.com/coins/images/13029/large/axie_infinity_logo.png?1696512817,2.64,439794354,205,711946664,41573762.0,2.65,2.56,0.074551,2.91108,13132129.0,3.07787,166788442.8210875,270000000.0,270000000.0,164.9,-98.40091,2021-11-06T19:29:29.482Z,0.123718,2031.34505,2020-11-06T08:05:43.662Z,,2025-09-13T00:07:48.591Z,2025-09-12 19:09:16.880053
apenft,nft,APENFT,https://coin-images.coingecko.com/coins/images/15687/large/apenft.jpg?1696515316,4.41802e-07,437431430,206,441798349,7589274.0,4.44904e-07,4.41613e-07,-2.236838559e-09,-0.50375,-2205466.09656018,-0.50166,990105682877398.0,999990000000000.0,999990000000000.0,7.53e-06,-94.13286,2021-09-05T00:10:47.823Z,2.98737e-07,47.88869,2023-06-10T04:30:05.717Z,,2025-09-13T00:07:48.168Z,2025-09-12 19:09:16.880053
solv-protocol-solvbtc-bbn,xsolvbtc,Solv Protocol Staked BTC,https://coin-images.coingecko.com/coins/images/39384/large/xSolvBTC.png?1744170824,115208.0,435860016,207,435860016,127116.0,115640.0,112752.0,2455.3,2.17759,-22734319.054691434,-4.95739,3783.260360951955,3783.260360951955,21000000.0,175368.0,-34.30523,2025-08-10T20:51:48.402Z,11402.13,910.40532,2024-09-10T17:58:43.974Z,,2025-09-13T00:07:48.071Z,2025-09-12 19:09:16.880053
bridged-usdc-polygon-pos-bridge,usdc.e,Bridged USDC (Polygon PoS Bridge),https://coin-images.coingecko.com/coins/images/33000/large/usdc.png?1700119918,0.99981,435508953,208,435508953,8902482.0,0.99985,0.99955,-3.411720769786e-06,-0.00034,228287.0,0.05245,435591728.751139,435591728.751139,,1.028,-2.72456,2024-04-14T06:50:14.967Z,0.975633,2.47794,2024-02-28T17:40:28.349Z,,2025-09-13T00:07:48.667Z,2025-09-12 19:09:16.880053
wrapped-avax,wavax,Wrapped AVAX,https://coin-images.coingecko.com/coins/images/15075/large/wrapped-avax.png?1696514734,28.94,434728523,209,434728523,315495631.0,29.36,28.29,-0.2243429081440702,-0.76919,6594090.0,1.54019,15015996.95113931,15015996.95113931,,2000.68,-98.55308,2022-12-17T21:19:43.450Z,7.91,266.09112,2022-12-12T20:49:46.006Z,,2025-09-13T00:07:48.607Z,2025-09-12 19:09:16.880053
chiliz,chz,Chiliz,https://coin-images.coingecko.com/coins/images/8834/large/CHZ_Token_updated.png?1696508986,0.04345261,433935643,210,433935643,75660596.0,0.04348151,0.04210288,0.00113086,2.67206,11391675.0,2.69597,9981429718.0,9981429718.0,,0.878633,-95.05279,2021-03-13T08:04:21.200Z,0.00410887,957.90181,2019-09-28T00:00:00.000Z,"{'times': 0.9751186765700727, 'currency': 'usd', 'percentage': 97.51186765700727}",2025-09-13T00:07:48.740Z,2025-09-12 19:09:16.880053
compound-governance-token,comp,Compound,https://coin-images.coingecko.com/coins/images/10775/large/COMP.png?1696510737,45.8,433337410,211,458210074,35445524.0,45.95,44.17,0.643415,1.42497,6312683.0,1.47829,9457177.719888486,10000000.0,10000000.0,910.54,-94.96757,2021-05-12T02:29:08.794Z,25.74,78.01804,2023-06-10T16:15:05.289Z,,2025-09-13T00:07:48.522Z,2025-09-12 19:09:16.880053
reserve-protocol-eth-plus,eth+,ETHPlus,https://coin-images.coingecko.com/coins/images/38061/large/ETH__Logo.png?1716440789,4954.51,427490306,212,427490306,388835.0,4961.41,4674.6,274.27,5.86016,22775459.0,5.62753,86408.78799329871,86408.78799329871,,5150.57,-4.12347,2025-08-24T18:12:08.494Z,1461.53,237.87819,2025-04-09T01:30:26.111Z,,2025-09-13T00:07:48.194Z,2025-09-12 19:09:16.880053
steakhouse-usdc-morpho-vault,steakusdc,Steakhouse USDC Morpho Vault,https://coin-images.coingecko.com/coins/images/51473/large/steakUSDC.png?1731396462,1.1,427022910,213,427022910,0.0,1.1,1.098,0.00052292,0.04757,-976162.6709312797,-0.22808,388440276.4772519,388440276.4772519,,9.61,-88.56577,2025-02-07T09:20:06.126Z,1.034,6.35582,2025-02-28T11:10:02.135Z,,2025-09-13T00:05:04.663Z,2025-09-12 19:09:16.880053
rekt-4,rekt,Rekt,https://coin-images.coingecko.com/coins/images/51727/large/rektcion_trans_200px.png?1731910587,1e-06,423069414,214,423069414,4086889.0,1.01e-06,9.58657e-07,4.4368e-08,4.62401,20015350.0,4.96592,420690000000000.0,420690000000000.0,420690000000000.0,1.41e-06,-28.84377,2025-08-08T18:38:01.345Z,3.1106e-08,3130.49323,2025-03-13T18:02:06.181Z,,2025-09-13T00:07:48.117Z,2025-09-12 19:09:16.880053
treehouse-eth,teth,Treehouse ETH,https://coin-images.coingecko.com/coins/images/40155/large/tETH_Logo_%28Color__No_Background%29.png?1748368386,5713.97,419588318,215,419588318,7952102.0,5737.99,5406.96,306.97,5.67725,19034717.0,4.7521,73252.16042641447,73252.16042641447,,6000.87,-4.8584,2025-08-24T19:25:31.650Z,1683.91,239.05243,2025-04-09T01:47:32.152Z,,2025-09-13T00:07:48.289Z,2025-09-12 19:09:16.880053
drift-staked-sol,dsol,Drift Staked SOL,https://coin-images.coingecko.com/coins/images/37479/large/solana.png?1714471411,276.56,416260731,216,416260731,231687.0,278.15,260.73,15.71,6.02341,23176641.0,5.8961,1505198.969368618,1505198.969368618,,311.34,-11.09511,2025-01-19T12:03:05.837Z,107.06,158.55226,2025-04-07T06:56:08.117Z,,2025-09-13T00:07:48.207Z,2025-09-12 19:09:16.880053
elrond-erd-2,egld,MultiversX,https://coin-images.coingecko.com/coins/images/12335/large/egld-token-logo.png?1696512162,14.5,415268028,217,415268028,19777559.0,14.51,13.94,0.347417,2.45424,9844887.0,2.4283,28613530.0,28613530.0,31415926.0,545.64,-97.33981,2021-11-23T10:33:26.737Z,6.51,123.0802,2020-10-07T01:44:53.554Z,,2025-09-13T00:07:48.691Z,2025-09-12 19:09:16.880053
hashnote-usyc,usyc,Circle USYC,https://coin-images.coingecko.com/coins/images/51054/large/Hashnote_SDYC_200x200.png?1730370965,1.1,412961803,218,412961803,0.0,1.1,1.099,9.744e-05,0.00886,72853.0,0.01764,375525781.512949,375525781.512949,,1.12,-1.53395,2025-03-04T19:26:50.778Z,1.026,7.17148,2024-12-05T22:31:20.475Z,,2025-09-12T20:34:16.356Z,2025-09-12 19:09:16.880053
usdb,usdb,USDB,https://coin-images.coingecko.com/coins/images/35595/large/65c67f0ebf2f6a1bd0feb13c_usdb-icon-yellow.png?1709255427,1.006,409933927,219,409933927,781471.0,1.015,0.991863,0.00667687,0.66791,3809538.0,0.93802,406046631.5607005,406046631.5607005,,1.088,-7.58671,2025-03-02T16:57:39.891Z,0.882623,13.9232,2025-04-07T06:57:31.689Z,,2025-09-13T00:07:48.251Z,2025-09-12 19:09:16.880053
ecash,xec,eCash,https://coin-images.coingecko.com/coins/images/16646/large/Logo_final-22.png?1696516207,2.053e-05,409059758,220,409062582,7243912.0,2.054e-05,2.017e-05,1.9197e-07,0.94374,3743649.0,0.92364,19919189047581.0,19919326547581.0,21000000000000.0,0.00038001,-94.59768,2021-09-04T17:09:31.137Z,1.604e-05,27.99194,2025-04-07T07:05:49.124Z,,2025-09-13T00:07:48.153Z,2025-09-12 19:09:16.880053
sun-token,sun,Sun Token,https://coin-images.coingecko.com/coins/images/12424/large/RSFOmQ.png?1696512245,0.02122648,407364798,221,423035707,25165861.0,0.02126061,0.02090674,0.00020437,0.97219,4287982.0,1.06381,19163528555.20058,19900730000.0,,66.45,-99.96802,2020-09-11T03:18:35.837Z,0.00462303,359.66434,2022-11-14T04:45:13.210Z,,2025-09-13T00:07:48.419Z,2025-09-12 19:09:16.880053
beam-2,beam,Beam,https://coin-images.coingecko.com/coins/images/32417/large/cgicon.png?1747892021,0.00793364,407069767,222,463919405,19330528.0,0.00796811,0.00765976,2.105e-05,0.26604,930536.0,0.22912,51340524305.0,58510524305.0,58510524305.0,0.04416304,-82.11535,2024-03-10T10:40:22.381Z,0.00429024,84.1018,2025-06-22T20:20:13.273Z,,2025-09-13T00:07:48.245Z,2025-09-12 19:09:16.880053
savings-dai,sdai,Savings Dai,https://coin-images.coingecko.com/coins/images/32254/large/sdai.png?1697015278,1.17,402668295,223,402668295,2058762.0,1.17,1.16,9.439e-05,0.0081,159266.0,0.03957,345557437.8494573,345557437.8494573,,1.27,-8.57802,2025-01-29T17:37:21.606Z,0.186576,524.65095,2023-11-10T20:10:32.383Z,,2025-09-13T00:07:48.166Z,2025-09-12 19:09:16.880053
aioz-network,aioz,AIOZ Network,https://coin-images.coingecko.com/coins/images/14631/large/aioz-logo-200.png?1696514309,0.337858,401421002,224,406791421,20125150.0,0.353526,0.324323,0.01353499,4.17331,16515358.0,4.29075,1186879247.938094,1202757934.90411,,2.65,-87.24225,2021-04-03T11:55:34.211Z,0.01099588,2975.6545,2023-09-13T19:20:42.446Z,,2025-09-13T00:07:48.387Z,2025-09-12 19:09:16.880053
evervalue-coin,eva,EverValue Coin,https://coin-images.coingecko.com/coins/images/50997/large/EVA_Logo_-_with_dark_background_-_200x200.png?1729720258,25.76,400195165,225,485323513,336994.0,26.28,24.94,0.607459,2.41472,10647097.0,2.73319,15471970.429602562,18763122.83231711,21000000.0,26.28,-2.11061,2025-09-12T22:32:54.481Z,0.17006,15030.08126,2025-02-08T21:21:36.476Z,,2025-09-13T00:07:48.147Z,2025-09-12 19:09:16.880053
dexe,dexe,DeXe,https://coin-images.coingecko.com/coins/images/12713/large/DEXE_token_logo.png?1696512514,6.99,399181497,226,674611280,4810692.0,7.04,6.9,0.04267337,0.61381,1789014.0,0.45019,57103774.56313077,96504599.33609451,,32.38,-78.42914,2021-03-08T13:29:57.935Z,0.671563,940.08817,2020-11-06T19:31:40.144Z,,2025-09-13T00:07:48.368Z,2025-09-12 19:09:16.880053
kava,kava,Kava,https://coin-images.coingecko.com/coins/images/9761/large/kava.png?1696509822,0.367082,397702697,227,397702697,9778182.0,0.368875,0.363893,-0.000843046531985248,-0.22914,-909798.5395081639,-0.22824,1082853067.0,1082853067.0,,9.12,-95.97191,2021-08-30T11:10:02.948Z,0.247359,48.51745,2024-08-05T06:27:34.050Z,,2025-09-13T00:07:48.233Z,2025-09-12 19:09:16.880053
mog-coin,mog,Mog Coin,https://coin-images.coingecko.com/coins/images/31059/large/MOG_LOGO_200x200.png?1696529893,1.01e-06,395732861,228,395732861,19670177.0,1.04e-06,9.26103e-07,6.1473e-08,6.45451,23083493.0,6.19443,390567524379062.56,390567524379062.56,420690000000000.0,4.02e-06,-74.69851,2024-12-07T03:55:46.658Z,4.526e-09,22351.40762,2023-07-24T17:10:57.805Z,,2025-09-13T00:07:48.296Z,2025-09-12 19:09:16.880053
tokenize-xchange,tkx,Tokenize Xchange,https://coin-images.coingecko.com/coins/images/4984/large/TKX_-_Logo_-_RGB-15.png?1696505519,4.96,394475766,229,493119378,453993.0,5.07,4.82,0.02595667,0.52586,6958545.0,1.79567,79995997.76037452,100000000.0,100000000.0,50.43,-90.23466,2025-01-03T19:12:43.038Z,0.111255,4326.59372,2019-04-28T00:00:00.000Z,"{'times': 16.080882725617634, 'currency': 'usd', 'percentage': 1608.0882725617635}",2025-09-13T00:07:48.677Z,2025-09-12 19:09:16.880053
plume,plume,Plume,https://coin-images.coingecko.com/coins/images/53623/large/plume-token.png?1736896935,0.131197,388304286,230,1323764611,110474530.0,0.136683,0.112942,0.01707929,14.96639,53735236.0,16.06103,2933333333.0,10000000000.0,10000000000.0,0.247537,-46.20358,2025-03-19T22:25:55.148Z,0.075937,75.36446,2025-06-22T16:46:50.000Z,,2025-09-13T00:07:48.354Z,2025-09-12 19:09:16.880053
gnosis,gno,Gnosis,https://coin-images.coingecko.com/coins/images/662/large/logo_square_simple_300px.png?1696501854,146.59,387084346,231,439937066,9468962.0,146.81,140.48,5.76,4.0867,15777726.0,4.24924,2639589.0,3000000.0,3000000.0,644.2,-77.24062,2021-11-08T17:33:29.302Z,6.88,2029.78451,2020-03-13T02:24:11.825Z,,2025-09-13T00:07:48.630Z,2025-09-12 19:09:16.880053
zebec-network,zbcn,Zebec Network,https://coin-images.coingecko.com/coins/images/37052/large/zbcn.jpeg?1713168241,0.00446431,385513207,232,446671830,20087205.0,0.00455095,0.0042609,-5.2399854052096e-05,-1.16013,-3143395.4229106307,-0.80878,86306925195.57034,99998836660.39032,100000000000.0,0.00700261,-36.14566,2025-05-30T03:20:44.650Z,0.00069854,540.11649,2024-08-05T13:31:51.088Z,,2025-09-13T00:07:48.561Z,2025-09-12 19:09:16.880053
wrapped-hype,whype,Wrapped HYPE,https://coin-images.coingecko.com/coins/images/54469/large/_UP3jBsi_400x400.jpg?1739905920,55.18,383727951,233,383727951,231664447.0,57.24,54.89,-1.805571616460611,-3.16841,-10546966.431055427,-2.67503,6941489.055530776,6941489.055530776,,57.24,-3.54645,2025-09-12T06:04:13.240Z,9.43,485.27173,2025-04-07T07:00:52.802Z,,2025-09-13T00:07:49.089Z,2025-09-12 19:09:16.880053
unit-bitcoin,ubtc,Unit Bitcoin,https://coin-images.coingecko.com/coins/images/55066/large/ubtc.jpg?1743580113,116095.0,380209271,234,2439651806239,501402176.0,116659.0,114827.0,579.34,0.50152,2317269.0,0.61321,3272.75993401,20999999.99993401,21000000.0,124343.0,-6.54155,2025-08-14T00:40:10.352Z,73355.0,58.41996,2025-04-07T06:56:28.361Z,,2025-09-13T00:07:48.747Z,2025-09-12 19:09:16.880053
superfarm,super,SuperVerse,https://coin-images.coingecko.com/coins/images/14040/large/SV-Logo-200x200.png?1706880312,0.604459,380031774,237,604746941,11381054.0,0.605222,0.588956,0.00815938,1.36834,5233559.0,1.39637,628414545.0,1000000000.0,1000000000.0,4.74,-87.24552,2021-03-31T07:38:55.006Z,0.070397,759.05472,2023-10-19T02:20:23.295Z,,2025-09-13T00:07:48.802Z,2025-09-12 19:09:16.880053
wrapped-ether-mantle-bridge,weth,Wrapped Ether (Mantle Bridge),https://coin-images.coingecko.com/coins/images/31013/large/wrapped-eth-mantle-bridge.png?1696529850,4714.99,379995547,235,380071089,5305481.0,4724.73,4452.44,246.3,5.51168,21158532.0,5.89642,80484.10761982581,80500.1076198258,,4962.42,-4.90034,2025-08-24T19:24:03.164Z,1402.44,236.50351,2025-04-09T01:32:36.128Z,,2025-09-13T00:07:48.364Z,2025-09-12 19:09:16.880053
1inch,1inch,1inch,https://coin-images.coingecko.com/coins/images/13469/large/1inch-token.png?1696513230,0.271842,379806022,236,408047802,16120564.0,0.27241,0.263063,0.00570321,2.14294,7518136.0,2.01944,1396182090.997674,1499999999.997,1499999999.997,8.65,-96.8548,2021-10-27T08:24:54.808Z,0.149574,81.92405,2025-04-07T07:05:53.693Z,,2025-09-13T00:07:49.022Z,2025-09-12 19:09:16.880053
olympus,ohm,Olympus,https://coin-images.coingecko.com/coins/images/14483/large/token_OHM_%281%29.png?1696514169,23.1,378265611,238,484830812,272472.0,23.33,22.84,0.202962,0.8866,3303674.0,0.88107,16376217.36631088,20989734.59004637,20989734.59004637,1415.26,-98.36789,2021-04-25T00:00:00.000Z,7.54,206.20044,2022-11-26T16:36:26.296Z,,2025-09-13T00:07:48.471Z,2025-09-12 19:09:16.880053
staked-frax-ether,sfrxeth,Staked Frax Ether,https://coin-images.coingecko.com/coins/images/28285/large/sfrxETH_icon.png?1696527285,5310.77,370919277,239,370919277,1171201.0,5328.85,5028.33,278.9,5.54258,19808672.0,5.64172,69823.00406501853,69823.00406501853,,7545.09,-29.66812,2023-02-16T07:51:36.849Z,1147.58,362.4154,2022-12-23T11:50:57.675Z,,2025-09-13T00:07:48.753Z,2025-09-12 19:09:16.880053
ronin,ron,Ronin,https://coin-images.coingecko.com/coins/images/20009/large/photo_2024-04-06_22-52-24.jpg?1712415367,0.527389,365577632,240,527436867,10306054.0,0.531989,0.512602,0.01039619,2.0109,7115544.0,1.98502,693121119.9637812,1000000000.0,1000000000.0,4.45,-88.14675,2024-03-26T05:12:38.487Z,0.196601,168.33225,2022-11-21T19:36:31.487Z,,2025-09-13T00:07:48.505Z,2025-09-12 19:09:16.880053
deep,deep,DeepBook,https://coin-images.coingecko.com/coins/images/50648/large/DEEP_Logo_256x256_px_%282%29.png?1728612340,0.1449,362309295,241,1449237179,23519556.0,0.146693,0.135813,0.00685838,4.96833,17441820.0,5.05754,2500000000.0,10000000000.0,10000000000.0,0.341085,-57.60325,2025-01-18T20:22:37.904Z,0.01073218,1247.43179,2024-10-14T13:34:58.507Z,,2025-09-13T00:07:48.597Z,2025-09-12 19:09:16.880053
linea,linea,Linea,https://coin-images.coingecko.com/coins/images/68507/large/linea-logo.jpeg?1756025484,0.02301192,356720430,244,1659164793,207298004.0,0.02448455,0.02182538,-0.000251640840314857,-1.0817,-5041503.858468175,-1.3936,15482147850.0,72009990000.0,72009990000.0,0.04666898,-50.79012,2025-09-10T15:26:12.174Z,0.02182538,5.22497,2025-09-12T15:41:16.848Z,,2025-09-13T00:07:48.829Z,2025-09-12 19:09:16.880053
eutbl,eutbl,Spiko EU T-Bills Money Market Fund,https://coin-images.coingecko.com/coins/images/39657/large/EUTBL.png?1723517425,1.22,356580982,242,356580982,0.0,1.22,1.22,0.00038533,0.03161,1424434.0,0.40107,292393968.86159,292393968.86159,,1.22,-0.40501,2025-07-01T09:40:03.774Z,1.011,20.63287,2024-08-15T09:45:23.684Z,,2025-09-13T00:05:02.894Z,2025-09-12 19:09:16.880053
movement,move,Movement,https://coin-images.coingecko.com/coins/images/39345/large/movement-testnet-token.png?1721878759,0.131657,356070013,243,1318777825,27155006.0,0.132068,0.127462,0.00342659,2.67221,9686969.0,2.79661,2700000000.0,10000000000.0,10000000000.0,1.45,-90.90908,2024-12-10T04:05:51.093Z,0.112218,17.45491,2025-06-22T20:21:22.317Z,,2025-09-13T00:07:48.371Z,2025-09-12 19:09:16.880053
gho,gho,GHO,https://coin-images.coingecko.com/coins/images/30663/large/gho-token-logo.png?1720517092,0.999656,352557130,245,352557130,16329258.0,1.001,0.998659,-0.00018823710445004,-0.01883,381843.0,0.10842,352589307.253208,352589307.253208,,1.03,-2.91822,2024-02-28T17:15:58.387Z,0.917065,9.0205,2023-10-24T04:41:04.568Z,,2025-09-13T00:07:48.322Z,2025-09-12 19:09:16.880053
snek,snek,Snek,https://coin-images.coingecko.com/coins/images/30496/large/snek_icon_200_v2.png?1737994261,0.0047047,350062706,246,353116640,7147003.0,0.0047541,0.00441277,0.00029193,6.6156,21166212.0,6.43552,74638323962.0,75289466028.0,76715880000.0,0.00895508,-47.88916,2024-12-05T11:50:53.994Z,0.00013847,3270.12934,2023-10-20T02:25:36.411Z,,2025-09-13T00:07:48.613Z,2025-09-12 19:09:16.880053
axelar,axl,Axelar,https://coin-images.coingecko.com/coins/images/27277/large/V-65_xQ1_400x400.jpeg?1696526329,0.334419,346263979,247,406648263,17054620.0,0.334668,0.323573,0.00752118,2.30077,7716680.0,2.27935,1035054121.453692,1215555141.002216,,2.64,-87.36237,2024-03-01T09:20:05.541Z,0.274681,21.642,2025-04-07T06:56:16.620Z,,2025-09-13T00:07:48.438Z,2025-09-12 19:09:16.880053
just,jst,JUST,https://coin-images.coingecko.com/coins/images/11095/large/JUST.jpg?1696511035,0.03423944,339057581,248,339057581,12889536.0,0.03430127,0.0340102,0.00017175,0.50413,1758276.0,0.52128,9900000000.0,9900000000.0,9900000000.0,0.193254,-82.28048,2021-04-05T04:34:23.454Z,0.00476275,618.99086,2020-05-09T06:08:54.872Z,,2025-09-13T00:07:53.320Z,2025-09-12 19:09:16.880053
terra-luna,lunc,Terra Luna Classic,https://coin-images.coingecko.com/coins/images/8284/large/01_LunaClassic_color.png?1696508486,6.139e-05,338104492,250,398667090,12510033.0,6.143e-05,6.002e-05,4.88831e-07,0.80262,2915897.0,0.86993,5503930618558.933,6489816193519.593,,119.18,-99.99995,2022-04-05T12:24:58.854Z,9.99967e-07,6043.87269,2022-05-13T02:34:40.340Z,,2025-09-13T00:07:48.532Z,2025-09-12 19:09:16.880053
wemix-token,wemix,WEMIX,https://coin-images.coingecko.com/coins/images/12998/large/wemixcoin_color_200.png?1696512788,0.741248,337954306,249,404856397,2178809.0,0.748367,0.729699,-0.003251947047257286,-0.4368,-818851.3055950999,-0.24171,455617465.6429949,545812383.8652309,590000000.0,24.71,-96.99756,2021-11-21T17:33:44.178Z,0.128398,477.85544,2021-06-22T12:52:49.089Z,,2025-09-13T00:07:48.273Z,2025-09-12 19:09:16.880053
