id,symbol,name,image,current_price,market_cap,market_cap_rank,fully_diluted_valuation,total_volume,high_24h,low_24h,price_change_24h,price_change_percentage_24h,market_cap_change_24h,market_cap_change_percentage_24h,circulating_supply,total_supply,max_supply,ath,ath_change_percentage,ath_date,atl,atl_change_percentage,atl_date,roi,last_updated,ingestion_time
bitcoin,btc,Bitcoin,https://coin-images.coingecko.com/coins/images/1/large/bitcoin.png?1696501400,111811.0,2227348826144,1,2227352626856,42991361251.0,113301.0,111644.0,-725.3644928246649,-0.64456,-14410410698.96289,-0.64282,19925178.0,19925212.0,21000000.0,124128.0,-9.93383,2025-08-14T00:37:02.582Z,67.81,164771.00228,2013-07-06T00:00:00.000Z,,2025-09-23T19:02:26.494Z,2025-09-23 14:04:22.231869
ethereum,eth,Ethereum,https://coin-images.coingecko.com/coins/images/279/large/ethereum.png?1696501628,4161.69,501302497508,2,501302497508,27097013515.0,4220.47,4125.36,3.22,0.07742,-740537853.4696655,-0.1475,120703750.4739188,120703750.4739188,,4946.05,-15.96823,2025-08-24T19:21:03.333Z,0.432979,959820.30537,2015-10-20T00:00:00.000Z,"{'times': 48.75310281972685, 'currency': 'btc', 'percentage': 4875.310281972685}",2025-09-23T19:02:24.580Z,2025-09-23 14:04:22.231869
tether,usdt,Tether,https://coin-images.coingecko.com/coins/images/325/large/Tether.png?1696501661,1.0,172790050586,3,172790050586,86707725065.0,1.001,1.0,-0.000399519853773622,-0.03992,654117211.0,0.38,172747121547.1051,172747121547.1051,,1.32,-24.40297,2018-07-24T00:00:00.000Z,0.572521,74.70464,2015-03-02T00:00:00.000Z,,2025-09-23T19:02:21.921Z,2025-09-23 14:04:22.231869
ripple,xrp,XRP,https://coin-images.coingecko.com/coins/images/44/large/xrp-symbol-white-128.png?1696501442,2.85,169986522378,4,284326242552,4127992813.0,2.89,2.81,0.00905571,0.31917,375652189.0,0.22148,59777241479.0,99985800180.0,100000000000.0,3.65,-21.98893,2025-07-18T03:40:53.808Z,0.00268621,105795.73489,2014-05-22T00:00:00.000Z,,2025-09-23T19:02:21.339Z,2025-09-23 14:04:22.231869
binancecoin,bnb,BNB,https://coin-images.coingecko.com/coins/images/825/large/bnb-icon2_2x.png?1696501970,1010.43,140629910686,5,140629909666,1854565484.0,1024.78,965.16,22.69,2.29762,3244182914.0,2.36137,139186182.51,139186181.5,200000000.0,1079.07,-6.44156,2025-09-21T02:07:58.820Z,0.0398177,2535348.13879,2017-10-19T00:00:00.000Z,,2025-09-23T19:02:21.214Z,2025-09-23 14:04:22.231869
solana,sol,Solana,https://coin-images.coingecko.com/coins/images/4128/large/solana.png?1718769756,215.7,117211964491,6,131676014836,6142758443.0,221.24,212.94,-3.967422497002133,-1.80614,-2230346835.0097504,-1.8673,543276905.5287465,610317711.0196819,,293.31,-26.46202,2025-01-19T11:15:27.957Z,0.500801,42970.12157,2020-05-11T19:35:23.449Z,,2025-09-23T19:02:21.228Z,2025-09-23 14:04:22.231869
usd-coin,usdc,USDC,https://coin-images.coingecko.com/coins/images/6319/large/usdc.png?1696506694,0.999612,74041160195,7,74029167564,8716375363.0,0.999805,0.999526,-9.5724559131205e-05,-0.00958,163196175.0,0.2209,74069933374.18063,74057936082.19165,,1.17,-14.76026,2019-05-08T00:40:28.300Z,0.877647,13.89683,2023-03-11T08:02:13.981Z,,2025-09-23T19:02:21.702Z,2025-09-23 14:04:22.231869
dogecoin,doge,Dogecoin,https://coin-images.coingecko.com/coins/images/5/large/dogecoin.png?1696501409,0.237561,35862224981,8,35862224981,2059729819.0,0.242758,0.235129,-0.000611032735796463,-0.25655,-134247131.79306793,-0.37295,151063916383.7052,151063916383.7052,,0.731578,-67.5441,2021-05-08T05:08:23.458Z,8.69e-05,273122.0548,2015-05-06T00:00:00.000Z,,2025-09-23T19:02:28.339Z,2025-09-23 14:04:22.231869
staked-ether,steth,Lido Staked Ether,https://coin-images.coingecko.com/coins/images/13442/large/steth_logo.png?1696513206,4154.2,35404445107,9,35404459695,34045668.0,4218.62,4123.36,-1.24978818400632,-0.03008,-87906527.79148865,-0.24768,8534683.165163452,8534686.681974323,,4932.89,-15.78297,2025-08-24T19:21:31.902Z,482.9,760.29591,2020-12-22T04:08:21.854Z,,2025-09-23T19:02:20.909Z,2025-09-23 14:04:22.231869
tron,trx,TRON,https://coin-images.coingecko.com/coins/images/1094/large/tron-logo.png?1696502193,0.335831,31788719205,10,31788719424,616729812.0,0.341673,0.334878,-0.005471181674284009,-1.60303,-518701700.62312317,-1.60552,94665662182.29662,94665662834.47762,,0.431288,-22.14685,2024-12-04T00:10:40.323Z,0.00180434,18509.09011,2017-11-12T00:00:00.000Z,"{'times': 175.7531641333676, 'currency': 'usd', 'percentage': 17575.316413336757}",2025-09-23T19:02:21.182Z,2025-09-23 14:04:22.231869
cardano,ada,Cardano,https://coin-images.coingecko.com/coins/images/975/large/cardano.png?1696502090,0.811037,29619883698,11,36493976761,1270981228.0,0.829188,0.80496,-0.008169233347303684,-0.99721,-305034702.4411049,-1.01933,36523691980.95682,45000000000.0,45000000000.0,3.09,-73.71772,2021-09-02T06:00:10.474Z,0.01925275,4113.99948,2020-03-13T02:22:55.044Z,,2025-09-23T19:02:21.454Z,2025-09-23 14:04:22.231869
wrapped-steth,wsteth,Wrapped stETH,https://coin-images.coingecko.com/coins/images/18834/large/wstETH.png?1696518295,5041.98,15763366845,12,15763366845,18438125.0,5116.08,5007.07,-4.98198009144744,-0.09871,-60181369.32958412,-0.38033,3129622.18104459,3129622.18104459,,7256.02,-30.42817,2022-05-13T15:09:54.509Z,558.54,803.81085,2022-05-13T01:36:45.053Z,,2025-09-23T19:02:20.980Z,2025-09-23 14:04:22.231869
chainlink,link,Chainlink,https://coin-images.coingecko.com/coins/images/877/large/chainlink-new-logo.png?1696502009,21.63,14665279994,13,21627017598,659217102.0,21.94,21.18,0.353308,1.66053,238575263.0,1.65371,678099970.4527868,1000000000.0,1000000000.0,52.7,-58.97468,2021-05-10T00:13:57.214Z,0.148183,14489.33847,2017-11-29T00:00:00.000Z,,2025-09-23T19:02:21.427Z,2025-09-23 14:04:22.231869
wrapped-beacon-eth,wbeth,Wrapped Beacon ETH,https://coin-images.coingecko.com/coins/images/30061/large/wbeth-icon.png?1696528983,4476.61,14612516076,14,14612516076,70855.0,4546.06,4455.0,-6.969895908194303,-0.15545,-22335630.380952835,-0.15262,3264194.925071723,3264194.925071723,,5330.78,-15.94014,2025-08-24T19:27:46.809Z,1501.6,198.41792,2025-04-09T03:57:40.245Z,,2025-09-23T19:02:20.954Z,2025-09-23 14:04:22.231869
ethena-usde,usde,Ethena USDe,https://coin-images.coingecko.com/coins/images/33613/large/usde.png?1733810059,1.001,14434034417,16,14434034417,617323856.0,1.003,0.999443,0.00043889,0.04386,294808439.0,2.08504,14416808787.17121,14416808787.17121,,1.032,-3.12727,2023-12-20T15:38:34.596Z,0.929486,7.56548,2024-10-04T07:57:15.809Z,,2025-09-23T19:02:25.587Z,2025-09-23 14:04:22.231869
avalanche-2,avax,Avalanche,https://coin-images.coingecko.com/coins/images/12559/large/Avalanche_Circle_RedWhite_Trans.png?1696512369,34.15,14419678211,15,15642239784,2225372367.0,35.81,31.42,2.39,7.53803,995425054.0,7.41512,422276596.0335201,458078999.632708,720000000.0,144.96,-76.34643,2021-11-21T14:18:56.538Z,2.8,1124.12393,2020-12-31T13:15:21.540Z,,2025-09-23T19:02:21.266Z,2025-09-23 14:04:22.231869
wrapped-bitcoin,wbtc,Wrapped Bitcoin,https://coin-images.coingecko.com/coins/images/7598/large/wrapped_bitcoin_wbtc.png?1696507857,111803.0,14197684159,17,14197684159,268759218.0,113332.0,111587.0,-703.3168717504304,-0.62513,-87564591.8538742,-0.61297,127237.25872278,127237.25872278,127237.25872278,123882.0,-9.74678,2025-08-14T00:40:53.782Z,3139.17,3461.67348,2019-04-02T00:00:00.000Z,,2025-09-23T19:02:21.301Z,2025-09-23 14:04:22.231869
figure-heloc,figr_heloc,Figure Heloc,https://coin-images.coingecko.com/coins/images/68480/large/figure.png?1755863954,0.998614,12616687085,18,12616687085,26931057.0,0.999004,0.995379,0.0031876,0.32022,104452241.0,0.8348,12634199348.732,12634199348.732,,1.056,-5.46789,2025-08-30T12:40:04.527Z,0.883674,12.99878,2025-09-06T20:28:04.023Z,,2025-09-23T19:02:21.003Z,2025-09-23 14:04:22.231869
hyperliquid,hype,Hyperliquid,https://coin-images.coingecko.com/coins/images/50882/large/hyperliquid.jpg?1729431300,45.2,12285617823,19,45364911963,694056095.0,48.79,45.21,-2.7065697494121608,-5.65026,-693864849.2471275,-5.34586,270772999.4341414,999835210.4341414,1000000000.0,59.3,-22.72955,2025-09-18T03:30:30.650Z,3.81,1103.13282,2024-11-29T09:30:30.871Z,,2025-09-23T19:02:21.083Z,2025-09-23 14:04:22.231869
sui,sui,Sui,https://coin-images.coingecko.com/coins/images/26375/large/sui-ocean-square.png?1727791290,3.34,11884351865,20,33300380020,816935530.0,3.41,3.29,-0.010420209136931202,-0.31117,-66777447.012239456,-0.55875,3568833706.322776,10000000000.0,10000000000.0,5.35,-37.35581,2025-01-04T22:56:18.063Z,0.364846,818.00678,2023-10-19T10:40:30.078Z,,2025-09-23T19:02:21.603Z,2025-09-23 14:04:22.231869
stellar,xlm,Stellar,https://coin-images.coingecko.com/coins/images/100/large/fmpFRHHQ_400x400.jpg?1735231350,0.366066,11664399017,21,18289856744,166014579.0,0.373782,0.361841,0.00172736,0.47411,49130568.0,0.42298,31888756810.09729,50001786886.69552,50001786886.69552,0.875563,-58.21798,2018-01-03T00:00:00.000Z,0.00047612,76734.67645,2015-03-05T00:00:00.000Z,,2025-09-23T19:02:21.243Z,2025-09-23 14:04:22.231869
bitcoin-cash,bch,Bitcoin Cash,https://coin-images.coingecko.com/coins/images/780/large/bitcoin-cash-circle.png?1696501932,555.15,11061890618,22,11061890618,376515081.0,569.56,554.77,-9.351015946407188,-1.6565,-196143518.3775425,-1.74225,19929534.27165078,19929534.27165078,21000000.0,3785.82,-85.34446,2017-12-20T00:00:00.000Z,76.93,621.17201,2018-12-16T00:00:00.000Z,,2025-09-23T19:02:21.364Z,2025-09-23 14:04:22.231869
wrapped-eeth,weeth,Wrapped eETH,https://coin-images.coingecko.com/coins/images/33033/large/weETH.png?1701438396,4475.2,11013759042,23,11013759042,18240901.0,4547.79,4446.94,-3.8868929918053254,-0.08678,-7157906.35304451,-0.06495,2461567.132261469,2461567.132261469,,5296.78,-15.49887,2025-08-24T19:25:19.771Z,1505.24,197.35152,2025-04-09T03:45:31.391Z,,2025-09-23T19:02:21.100Z,2025-09-23 14:04:22.231869
weth,weth,WETH,https://coin-images.coingecko.com/coins/images/2518/large/weth.png?1696503332,4160.35,10064104372,24,10063065583,532313169.0,4220.87,4130.0,-0.2695749884042016,-0.00648,-126194697.03883743,-1.23838,2424872.449026644,2424622.160417132,,4950.08,-16.10044,2025-08-24T19:28:11.411Z,82.1,4958.36821,2018-12-15T00:00:00.000Z,,2025-09-23T19:02:21.775Z,2025-09-23 14:04:22.231869
hedera-hashgraph,hbar,Hedera,https://coin-images.coingecko.com/coins/images/3688/large/hbar.png?1696504364,0.219749,9307733661,25,10977932429,163069924.0,0.225047,0.217007,0.00111485,0.50992,31165558.0,0.33596,42392926540.38876,50000000000.0,50000000000.0,0.569229,-61.42212,2021-09-15T10:40:28.318Z,0.00986111,2126.89368,2020-01-02T17:30:24.852Z,,2025-09-23T19:02:21.437Z,2025-09-23 14:04:22.231869
leo-token,leo,LEO Token,https://coin-images.coingecko.com/coins/images/8418/large/leo-token.png?1696508607,9.49,8752343425,26,9346542429,564019.0,9.51,9.45,0.00452059,0.04766,1851418.0,0.02116,922603685.9,985239504.0,,10.14,-6.32184,2025-03-10T09:26:43.294Z,0.799859,1087.007,2019-12-24T15:14:35.376Z,,2025-09-23T19:02:21.097Z,2025-09-23 14:04:22.231869
usds,usds,USDS,https://coin-images.coingecko.com/coins/images/39926/large/usds.webp?1726666683,0.999534,8206309064,27,8210924562,13512714.0,0.999726,0.999144,4.946e-05,0.00495,-2401633.128894806,-0.02926,8211299254.55282,8215917559.299027,,1.057,-5.47644,2024-10-29T05:40:51.197Z,0.948265,5.39443,2024-10-03T13:19:28.826Z,,2025-09-23T19:02:21.069Z,2025-09-23 14:04:22.231869
litecoin,ltc,Litecoin,https://coin-images.coingecko.com/coins/images/2/large/litecoin.png?1696501400,106.06,8093400575,28,8093415155,422201011.0,107.14,104.62,0.972355,0.92526,71833786.0,0.89551,76331208.23347135,76331345.73347135,84000000.0,410.26,-74.15912,2021-05-10T03:13:07.904Z,1.15,9127.96178,2015-01-14T00:00:00.000Z,,2025-09-23T19:02:21.348Z,2025-09-23 14:04:22.231869
binance-bridged-usdt-bnb-smart-chain,bsc-usd,Binance Bridged USDT (BNB Smart Chain),https://coin-images.coingecko.com/coins/images/35021/large/USDT.png?1707233575,1.0,7486460825,29,7486460825,2523153573.0,1.003,0.984143,0.0001241,0.01241,500944145.0,7.17118,7484993499.453935,7484993499.453935,,1.05,-4.73616,2024-08-05T14:21:42.527Z,0.942186,6.16091,2024-12-05T22:30:39.827Z,,2025-09-23T19:02:21.937Z,2025-09-23 14:04:22.231869
crypto-com-chain,cro,Cronos,https://coin-images.coingecko.com/coins/images/7310/large/cro_token_logo.png?1696507599,0.207637,7230891746,30,20353950861,67281430.0,0.21645,0.205781,-0.006400713271149883,-2.99046,-222037092.11972523,-2.97919,34823617061.30185,98023620788.07458,100000000000.0,0.965407,-78.49163,2021-11-24T15:53:54.855Z,0.0121196,1613.28565,2019-02-08T00:00:00.000Z,,2025-09-23T19:02:21.111Z,2025-09-23 14:04:22.231869
the-open-network,ton,Toncoin,https://coin-images.coingecko.com/coins/images/17980/large/photo_2024-09-10_17.09.00.jpeg?1725963446,2.81,7148517476,31,14441328784,118285696.0,2.84,2.75,0.03149973,1.13395,79442382.0,1.1238,2544967476.065839,5141305479.172741,,8.25,-65.89533,2024-06-15T00:36:51.509Z,0.519364,441.98339,2021-09-21T00:33:11.092Z,,2025-09-23T19:02:21.467Z,2025-09-23 14:04:22.231869
shiba-inu,shib,Shiba Inu,https://coin-images.coingecko.com/coins/images/11939/large/shiba.png?1696511800,1.209e-05,7116872097,32,7119952464,190424500.0,1.227e-05,1.192e-05,1.9632e-08,0.16271,6571918.0,0.09243,589245885192933.2,589500926150939.6,,8.616e-05,-85.92821,2021-10-28T03:54:55.568Z,5.6366e-11,21509324.88119,2020-11-28T11:26:25.838Z,,2025-09-23T19:02:21.595Z,2025-09-23 14:04:22.231869
coinbase-wrapped-btc,cbbtc,Coinbase Wrapped BTC,https://coin-images.coingecko.com/coins/images/40143/large/cbbtc.webp?1726136727,111766.0,6713500380,33,6715953544,416653027.0,113293.0,111708.0,-688.3253579132142,-0.61209,18779025.0,0.2805,60092.40981923,60114.36804205,,123939.0,-9.81933,2025-08-14T00:40:22.976Z,57439.0,94.58843,2024-09-12T14:07:41.775Z,,2025-09-23T19:02:21.230Z,2025-09-23 14:04:22.231869
ethena-staked-usde,susde,Ethena Staked USDe,https://coin-images.coingecko.com/coins/images/33669/large/sUSDe-Symbol-Color.png?1716307680,1.2,6138967269,34,6138971256,79781381.0,1.2,1.19,-0.001100363921717751,-0.09195,37337173.0,0.61192,5134572302.466867,5134575637.434277,,1.29,-7.37049,2025-01-29T17:52:32.991Z,1.012,18.12777,2024-04-03T14:23:03.162Z,,2025-09-23T19:02:21.255Z,2025-09-23 14:04:22.231869
polkadot,dot,Polkadot,https://coin-images.coingecko.com/coins/images/12171/large/polkadot.png?1696512008,3.97,6041156098,35,6041156098,209277433.0,4.06,3.94,0.00034222,0.00862,-4581715.929541588,-0.07578,1522267060.0,1522267060.0,,54.98,-92.75713,2021-11-04T14:10:09.301Z,2.7,47.6279,2020-08-20T05:48:11.359Z,,2025-09-23T19:02:21.584Z,2025-09-23 14:04:22.231869
whitebit,wbt,WhiteBIT Coin,https://coin-images.coingecko.com/coins/images/27045/large/wbt_token.png?1696526096,41.76,6016229158,36,13441004626,65707000.0,42.36,41.67,-0.37637903079723856,-0.89331,-55756027.33978844,-0.91825,144118517.10815412,321978702.0,400000000.0,52.27,-20.08845,2025-06-16T09:30:18.527Z,3.06,1264.22868,2023-02-13T19:01:21.899Z,,2025-09-23T19:02:21.090Z,2025-09-23 14:04:22.231869
mantle,mnt,Mantle,https://coin-images.coingecko.com/coins/images/30980/large/Mantle-Logo-mark.png?1739213200,1.83,5933611083,37,11344494843,658158411.0,1.9,1.65,0.124834,7.33894,395978655.0,7.15069,3252944055.73684,6219316794.89,6219316794.89,1.9,-3.73478,2025-09-23T17:15:11.513Z,0.307978,494.06595,2023-10-18T02:50:46.942Z,,2025-09-23T19:02:21.162Z,2025-09-23 14:04:22.231869
monero,xmr,Monero,https://coin-images.coingecko.com/coins/images/69/large/monero_logo.png?1696501460,293.04,5405536653,38,5405536653,92321024.0,295.66,285.33,-0.4166359318055015,-0.14197,8012431.0,0.14845,18446744.07370955,18446744.07370955,,542.33,-45.99661,2018-01-09T00:00:00.000Z,0.216177,135379.07447,2015-01-14T00:00:00.000Z,,2025-09-23T19:02:21.954Z,2025-09-23 14:04:22.231869
world-liberty-financial,wlfi,World Liberty Financial,https://coin-images.coingecko.com/coins/images/50767/large/wlfi.png?1756438915,0.194926,5296662937,39,19435803294,342679210.0,0.213814,0.194358,-0.014838528615998076,-7.07389,-411651472.0833225,-7.21144,27252091702.013485,100000000000.0,100000000000.0,0.331336,-40.96964,2025-09-01T12:20:09.597Z,0.164016,19.24966,2025-09-04T14:17:54.961Z,,2025-09-23T19:02:24.883Z,2025-09-23 14:04:22.231869
uniswap,uni,Uniswap,https://coin-images.coingecko.com/coins/images/12504/large/uniswap-logo.png?1720676669,8.06,4831863488,40,8046627289,212292827.0,8.26,8.03,-0.07312854744991881,-0.89967,-51772322.12384033,-1.06012,600483073.71,1000000000.0,1000000000.0,44.92,-82.03636,2021-05-03T05:25:04.822Z,1.03,683.26015,2020-09-17T01:20:38.214Z,,2025-09-23T19:02:21.887Z,2025-09-23 14:04:22.231869
dai,dai,Dai,https://coin-images.coingecko.com/coins/images/9956/large/Badge_Dai.png?1696509996,1.001,4671965344,41,4671965344,74186011.0,1.001,0.998127,0.0008513,0.08515,-19190474.24247551,-0.40908,4675054559.470335,4675054559.470335,,1.22,-17.90974,2020-03-13T03:02:50.373Z,0.88196,13.45451,2023-03-11T07:50:50.514Z,,2025-09-23T19:02:21.932Z,2025-09-23 14:04:22.231869
aave,aave,Aave,https://coin-images.coingecko.com/coins/images/12645/large/aave-token-round.png?1720472354,274.83,4179007802,42,4389552898,398799542.0,280.14,263.7,9.04,3.40015,127074617.0,3.13615,15232559.30289144,16000000.0,16000000.0,661.69,-58.34727,2021-05-18T21:19:59.514Z,26.02,959.10306,2020-11-05T09:20:11.928Z,,2025-09-23T19:02:21.681Z,2025-09-23 14:04:22.231869
ethena,ena,Ethena,https://coin-images.coingecko.com/coins/images/36530/large/ethena.png?1711701436,0.600988,4134861960,43,9003101568,292289648.0,0.618225,0.581639,0.01130217,1.91664,72918550.0,1.79516,6889062500.0,15000000000.0,,1.52,-60.27942,2024-04-11T13:15:15.057Z,0.195078,209.02511,2024-09-06T21:04:48.253Z,,2025-09-23T19:02:21.621Z,2025-09-23 14:04:22.231869
pepe,pepe,Pepe,https://coin-images.coingecko.com/coins/images/29850/large/pepe-token.jpeg?1696528776,9.58e-06,4028686019,44,4028686019,356356373.0,9.8e-06,9.44e-06,3.599e-09,0.03758,-4959998.572160721,-0.12297,420690000000000.0,420690000000000.0,420690000000000.0,2.803e-05,-65.69309,2024-12-09T16:30:35.828Z,5.5142e-08,17337.77323,2023-04-18T02:14:41.591Z,,2025-09-23T19:02:21.311Z,2025-09-23 14:04:22.231869
memecore,m,MemeCore,https://coin-images.coingecko.com/coins/images/53247/large/square-bg-transparent.png?1752637478,2.36,3966118491,45,12451716600,24436207.0,2.84,2.34,-0.33156909984227756,-12.29673,-535223268.67392063,-11.89031,1682618759.666883,5282618759.226159,10000000000.0,2.96,-20.63879,2025-09-18T07:27:06.144Z,0.04746135,4847.43196,2025-07-04T03:56:17.448Z,,2025-09-23T19:02:21.161Z,2025-09-23 14:04:22.231869
okb,okb,OKB,https://coin-images.coingecko.com/coins/images/4463/large/WeChat_Image_20220118095654.png?1696505053,180.9,3793122477,46,3793122477,58983865.0,185.02,177.8,-1.7002142435025291,-0.93111,-41518710.724451065,-1.08273,21000000.0,21000000.0,21000000.0,255.5,-29.27817,2025-08-22T01:50:26.131Z,0.580608,31021.84741,2019-01-14T00:00:00.000Z,,2025-09-23T19:02:21.176Z,2025-09-23 14:04:22.231869
near,near,NEAR Protocol,https://coin-images.coingecko.com/coins/images/10365/large/near.jpg?1696510367,2.97,3711832977,47,3778979005,301363509.0,3.12,2.86,0.096442,3.3547,114748989.0,3.19006,1249836992.0,1272446196.0,,20.44,-85.36619,2022-01-16T22:09:45.873Z,0.526762,467.78466,2020-11-04T16:09:15.137Z,,2025-09-23T19:02:23.713Z,2025-09-23 14:04:22.231869
bitget-token,bgb,Bitget Token,https://coin-images.coingecko.com/coins/images/11610/large/Bitget_logo.png?1736925727,5.22,3657934013,48,4807583497,288558948.0,5.27,5.1,0.088908,1.73121,64405271.0,1.79226,699992035.9787906,919992035.9787906,2000000000.0,8.45,-38.17421,2024-12-27T11:41:24.992Z,0.0142795,36487.26521,2020-06-25T04:17:05.895Z,,2025-09-23T19:02:21.129Z,2025-09-23 14:04:22.231869
story-2,ip,Story,https://coin-images.coingecko.com/coins/images/54035/large/Transparent_bg.png?1738075331,11.55,3621458177,49,11740102083,183030697.0,14.26,11.57,-2.305509667646648,-16.64187,-714696965.7743301,-16.48227,312842744.3,1014178702.07,,14.78,-21.21255,2025-09-21T21:07:34.521Z,1.0,1064.68843,2025-02-14T03:11:08.309Z,,2025-09-23T19:02:21.216Z,2025-09-23 14:04:22.231869
usdt0,usdt0,USDT0,https://coin-images.coingecko.com/coins/images/53705/large/usdt0.jpg?1737086183,1.0,3449680369,50,3449562416,373789640.0,1.002,0.999182,8.664e-05,0.00866,593043998.0,20.76022,3449868546.698531,3449750586.666132,,1.052,-4.86786,2025-01-23T22:34:53.341Z,0.975737,2.57129,2025-02-28T01:35:58.101Z,,2025-09-23T19:02:21.682Z,2025-09-23 14:04:22.231869
aster-2,aster,Aster,https://coin-images.coingecko.com/coins/images/69040/large/_ASTER.png?1757326782,1.94,3207158716,51,15477631496,2491286330.0,2.12,1.38,0.536014,38.25548,838781079.0,35.41585,1657700000.0,8000000000.0,8000000000.0,2.12,-9.26858,2025-09-23T17:33:02.680Z,0.099713,1831.86104,2025-09-17T12:05:36.771Z,,2025-09-23T19:02:22.032Z,2025-09-23 14:04:22.231869
jito-staked-sol,jitosol,Jito Staked SOL,https://coin-images.coingecko.com/coins/images/28046/large/JitoSOL-200.png?1696527060,265.64,3155722257,52,3155722257,45196799.0,272.68,262.32,-4.992358669767441,-1.84467,-62147469.37817812,-1.93132,11877159.4722939,11877159.4722939,,339.52,-21.42826,2025-01-19T11:21:54.080Z,0.57898,45975.38405,2023-09-12T10:21:17.665Z,,2025-09-23T19:02:21.989Z,2025-09-23 14:04:22.231869
aptos,apt,Aptos,https://coin-images.coingecko.com/coins/images/26455/large/aptos_round.png?1696525528,4.26,2990588155,53,5009967064,534730926.0,4.37,4.2,0.04180803,0.99022,26460044.0,0.89268,702201108.1833518,1176358699.412135,,19.92,-78.52941,2023-01-26T14:25:17.390Z,3.08,38.87373,2022-12-29T21:35:14.796Z,,2025-09-23T19:02:22.289Z,2025-09-23 14:04:22.231869
bittensor,tao,Bittensor,https://coin-images.coingecko.com/coins/images/28452/large/ARUsPeNQ_400x400.jpeg?1696527447,308.38,2960212249,54,6477157126,61385066.0,319.95,308.35,-5.4080028767080535,-1.72347,-55154034.6277976,-1.8291,9597491.0,21000000.0,21000000.0,757.6,-59.07596,2024-03-07T18:45:36.466Z,30.83,905.6531,2023-05-14T08:57:53.732Z,,2025-09-23T19:02:21.181Z,2025-09-23 14:04:22.231869
ondo-finance,ondo,Ondo,https://coin-images.coingecko.com/coins/images/26580/large/ONDO.png?1696525656,0.923017,2911291070,55,9215549147,121205781.0,0.950375,0.916337,0.00033273,0.03606,-3600883.142423153,-0.12353,3159107529.0,10000000000.0,10000000000.0,2.14,-56.74013,2024-12-16T00:36:00.777Z,0.082171,1026.71021,2024-01-18T12:14:30.524Z,,2025-09-23T19:02:21.337Z,2025-09-23 14:04:22.231869
ethereum-classic,etc,Ethereum Classic,https://coin-images.coingecko.com/coins/images/453/large/ethereum-classic-logo.png?1696501717,18.84,2891791550,56,2891791550,54960846.0,19.08,18.39,0.386277,2.09351,56615877.0,1.99691,153636365.7065857,153636365.7065857,210700000.0,167.09,-88.73065,2021-05-06T18:34:22.133Z,0.615038,2961.50743,2016-07-25T00:00:00.000Z,"{'times': 40.86103813697911, 'currency': 'usd', 'percentage': 4086.103813697911}",2025-09-23T19:02:21.843Z,2025-09-23 14:04:22.231869
worldcoin-wld,wld,Worldcoin,https://coin-images.coingecko.com/coins/images/31069/large/worldcoin.jpeg?1696529903,1.32,2760495552,57,13166506188,219921120.0,1.4,1.32,-0.05058041100699029,-3.69654,-39268020.31056833,-1.40255,2096604454.151771,10000000000.0,10000000000.0,11.74,-88.73834,2024-03-10T00:10:42.330Z,0.583741,126.50243,2025-04-07T07:06:11.379Z,,2025-09-23T19:02:28.426Z,2025-09-23 14:04:22.231869
binance-staked-sol,bnsol,Binance Staked SOL,https://coin-images.coingecko.com/coins/images/40132/large/bnsol.png?1725968367,232.62,2758485040,58,2758485040,21008.0,237.75,228.73,-3.371784459092396,-1.42876,-42433689.975049496,-1.51499,11858244.48420252,11858244.48420252,,297.96,-21.92753,2025-01-19T11:30:53.744Z,100.21,132.133,2025-04-07T06:56:20.488Z,,2025-09-23T19:02:21.196Z,2025-09-23 14:04:22.231869
usd1-wlfi,usd1,USD1,https://coin-images.coingecko.com/coins/images/54977/large/USD1_1000x1000_transparent.png?1749297002,1.0,2702386973,59,2702386973,488636579.0,1.002,0.999974,-0.001154533893301668,-0.1153,10919137.0,0.40569,2702081177.090263,2702081177.090263,,1.025,-2.41404,2025-05-12T12:36:39.412Z,0.989703,1.04912,2025-04-16T00:36:15.580Z,,2025-09-23T19:02:23.151Z,2025-09-23 14:04:22.231869
binance-peg-weth,weth,Binance-Peg WETH,https://coin-images.coingecko.com/coins/images/39580/large/weth.png?1723006716,4151.67,2511757571,60,2511757571,75602863.0,4214.71,4081.74,-6.6259052345121745,-0.15934,-4082304.978204727,-0.16226,604999.9999588211,604999.9999588211,,4955.78,-16.13615,2025-08-24T19:14:00.505Z,1394.32,198.07457,2025-04-09T01:32:41.942Z,,2025-09-23T19:02:22.210Z,2025-09-23 14:04:22.231869
polygon-ecosystem-token,pol,POL (ex-MATIC),https://coin-images.coingecko.com/coins/images/32440/large/polygon.png?1698233684,0.223737,2349869987,61,2349869987,75972681.0,0.230009,0.222677,-0.002631471989932632,-1.16247,-28111583.435240746,-1.18216,10505448782.19257,10505448782.19257,,1.29,-82.59686,2024-03-13T18:55:06.692Z,0.153392,46.08071,2025-04-07T07:06:08.017Z,,2025-09-23T19:02:21.397Z,2025-09-23 14:04:22.231869
arbitrum,arb,Arbitrum,https://coin-images.coingecko.com/coins/images/16547/large/arb.jpg?1721358242,0.431725,2331616985,62,4314908167,248725166.0,0.441577,0.422595,-5.8942845487076e-05,-0.01365,-1723264.4457235336,-0.07385,5403630609.0,10000000000.0,10000000000.0,2.39,-81.8613,2024-01-12T12:29:59.231Z,0.245747,76.42789,2025-04-07T07:01:34.124Z,,2025-09-23T19:02:21.470Z,2025-09-23 14:04:22.231869
internet-computer,icp,Internet Computer,https://coin-images.coingecko.com/coins/images/14495/large/Internet_Computer_logo.png?1696514180,4.31,2317403021,63,2317403021,54460847.0,4.38,4.23,0.01541228,0.35871,4954580.0,0.21426,538131380.5650132,538131380.5650132,,700.65,-99.383,2021-05-10T16:05:53.653Z,2.87,50.88841,2023-09-22T00:29:57.369Z,,2025-09-23T19:02:22.093Z,2025-09-23 14:04:22.231869
pi-network,pi,Pi Network,https://coin-images.coingecko.com/coins/images/54342/large/pi_network.jpg?1739347576,0.26986,2209833408,64,3399743704,58344400.0,0.287213,0.263258,-0.012730844096458027,-4.50504,-101558353.3265109,-4.39382,8196553105.151956,12610081700.23377,100000000000.0,2.99,-90.97481,2025-02-26T16:41:03.732Z,0.255182,5.66505,2025-09-22T06:05:38.213Z,,2025-09-23T19:02:21.256Z,2025-09-23 14:04:22.231869
jupiter-perpetuals-liquidity-provider-token,jlp,Jupiter Perpetuals Liquidity Provider Token,https://coin-images.coingecko.com/coins/images/33094/large/jlp.png?1700631386,5.61,2194800997,65,2194800997,58083728.0,5.66,5.57,-0.036798848238562165,-0.65213,-8432442.958789349,-0.38273,391502918.710123,391502918.710123,,5.98,-6.14511,2025-09-18T17:23:08.909Z,0.146839,3723.91643,2023-11-24T05:55:06.706Z,,2025-09-23T19:02:21.290Z,2025-09-23 14:04:22.231869
susds,susds,sUSDS,https://coin-images.coingecko.com/coins/images/52721/large/sUSDS_Coin.png?1734086971,1.072,2171989469,66,2179551359,21547337.0,1.079,1.062,-0.000845414987681536,-0.07879,-610368.5497918129,-0.02809,2028170129.457772,2035231305.027348,,1.088,-1.56105,2025-02-03T02:31:35.208Z,0.961716,11.35631,2025-01-04T01:21:08.460Z,,2025-09-23T19:02:20.837Z,2025-09-23 14:04:22.231869
hash-2,hash,Provenance Blockchain,https://coin-images.coingecko.com/coins/images/66154/large/Hastra_Icon.png?1748497203,0.04335489,2141117098,67,4335805191,131349.0,0.04750133,0.04116712,-0.002246874810056219,-4.92717,-107653860.77099347,-4.78723,49382225537.0,100000000000.0,100000000000.0,0.060147,-27.55048,2025-09-14T16:52:41.627Z,0.01378736,216.05889,2025-06-04T11:15:56.153Z,,2025-09-23T19:02:21.211Z,2025-09-23 14:04:22.231869
blackrock-usd-institutional-digital-liquidity-fund,buidl,BlackRock USD Institutional Digital Liquidity Fund,https://coin-images.coingecko.com/coins/images/36291/large/blackrock.png?1711013223,1.0,2103300663,68,2103300663,0.0,1.0,1.0,0.0,0.0,-3449345.460000992,-0.16373,2103300662.743853,2103300662.743853,,1.0,0.0,2025-02-12T05:00:10.912Z,1.0,0.0,2025-02-12T05:45:10.196Z,,2025-09-23T19:00:01.641Z,2025-09-23 14:04:22.231869
kaspa,kas,Kaspa,https://coin-images.coingecko.com/coins/images/25751/large/kaspa-icon-exchanges.png?1696524837,0.078402,2065655214,69,2094464843,46879756.0,0.080609,0.076304,0.00060942,0.78339,13631132.0,0.66428,26363807936.34678,26731503150.62978,28704026601.0,0.207411,-62.12892,2024-08-01T00:40:47.164Z,0.00017105,45821.65629,2022-05-26T14:42:59.316Z,,2025-09-23T19:02:22.027Z,2025-09-23 14:04:22.231869
falcon-finance,usdf,Falcon USD,https://coin-images.coingecko.com/coins/images/54558/large/ff_200_X_200.png?1740741076,0.998997,2002125786,70,2002125786,19653216.0,1.001,0.997421,-0.001068889366776515,-0.10688,334200.0,0.0167,2004132795.687218,2004132795.687218,,1.075,-7.03591,2025-05-08T21:25:42.071Z,0.943422,5.88849,2025-07-08T10:16:34.749Z,,2025-09-23T19:02:21.277Z,2025-09-23 14:04:22.231869
kucoin-shares,kcs,KuCoin,https://coin-images.coingecko.com/coins/images/1047/large/sa9z79.png?1696502152,15.5,1972158223,71,2204585451,3498512.0,15.61,15.4,0.074384,0.48236,9470667.0,0.48254,127275851.7355671,142275851.7355671,,28.83,-46.24042,2021-12-01T15:09:35.541Z,0.342863,4420.41337,2019-02-07T00:00:00.000Z,,2025-09-23T19:02:21.258Z,2025-09-23 14:04:22.231869
pump-fun,pump,Pump.fun,https://coin-images.coingecko.com/coins/images/67164/large/pump.jpg?1751949376,0.00556417,1965623868,72,5552551073,380467685.0,0.00591212,0.00538484,-0.000331624317384937,-5.62476,-127861315.09031296,-6.10758,354000000000.0,999989424128.1394,1000000000000.0,0.00881908,-36.8385,2025-09-14T16:42:40.248Z,0.00228323,143.96477,2025-07-29T11:15:43.983Z,,2025-09-23T19:02:21.481Z,2025-09-23 14:04:22.231869
cosmos,atom,Cosmos Hub,https://coin-images.coingecko.com/coins/images/1481/large/cosmos_hub.png?1696502525,4.16,1952597643,73,1952597643,66246468.0,4.21,4.09,0.03750901,0.91079,17576106.0,0.90832,469838491.960007,469838491.960007,,44.45,-90.65106,2022-01-17T00:34:41.497Z,1.16,258.20781,2020-03-13T02:27:44.591Z,"{'times': 40.55787314073387, 'currency': 'usd', 'percentage': 4055.787314073387}",2025-09-23T19:02:21.732Z,2025-09-23 14:04:22.231869
gatechain-token,gt,Gate,https://coin-images.coingecko.com/coins/images/8183/large/200X200.png?1735246724,16.27,1944099048,74,4882835298,22218927.0,16.57,16.2,-0.14476425342940757,-0.88177,-18560082.701523304,-0.94566,119444887.81900902,300000000.0,,25.94,-37.25957,2025-01-25T03:07:37.823Z,0.25754,6219.20902,2020-03-13T02:18:02.481Z,,2025-09-23T19:02:21.409Z,2025-09-23 14:04:22.231869
vechain,vet,VeChain,https://coin-images.coingecko.com/coins/images/1167/large/VET.png?1742383283,0.02257767,1940866204,76,1940866204,32421390.0,0.02306123,0.02252628,-0.000212041480911498,-0.93043,-20441606.156339884,-1.04224,85985041177.0,85985041177.0,86712634466.0,0.280991,-91.96915,2021-04-19T01:08:21.675Z,0.00191713,1077.06834,2020-03-13T02:29:59.652Z,"{'times': 0.8992188062806052, 'currency': 'eth', 'percentage': 89.92188062806052}",2025-09-23T19:02:21.408Z,2025-09-23 14:04:22.231869
fasttoken,ftn,Fasttoken,https://coin-images.coingecko.com/coins/images/28478/large/lightenicon_200x200.png?1696527472,4.48,1939437352,75,3908497779,58662279.0,4.51,4.47,-0.005043612965983435,-0.11236,-43413.91588830948,-0.00224,432071476.6,870742437.0,1000000000.0,4.61,-2.57769,2025-07-27T09:55:16.106Z,0.398142,1027.39294,2023-01-21T10:15:39.503Z,,2025-09-23T19:02:21.465Z,2025-09-23 14:04:22.231869
algorand,algo,Algorand,https://coin-images.coingecko.com/coins/images/4380/large/download.png?1696504978,0.213007,1873276110,77,1873277754,73356594.0,0.217383,0.209334,0.00245501,1.16599,25771256.0,1.39492,8785731050.789297,8785738760.09354,10000000000.0,3.56,-94.01054,2019-06-20T14:51:19.480Z,0.087513,143.72669,2023-09-11T19:42:08.247Z,"{'times': -0.9112471122845754, 'currency': 'usd', 'percentage': -91.12471122845756}",2025-09-23T19:02:21.506Z,2025-09-23 14:04:22.231869
rocket-pool-eth,reth,Rocket Pool ETH,https://coin-images.coingecko.com/coins/images/20764/large/reth.png?1696520159,4749.46,1864309259,78,1864309259,23584268.0,4820.42,4712.4,2.69,0.05677,-340990.8716790676,-0.01829,392764.8935265312,392764.8935265312,,5618.08,-15.341,2025-08-24T19:25:20.811Z,887.26,436.05409,2022-06-18T20:55:45.957Z,,2025-09-23T19:02:21.555Z,2025-09-23 14:04:22.231869
render-token,render,Render,https://coin-images.coingecko.com/coins/images/11636/large/rndr.png?1696511529,3.6,1862866918,79,1915888619,65048192.0,3.68,3.55,-0.043673095351851376,-1.19972,-25821502.27315426,-1.36717,518584616.1640741,533344789.4440741,644245094.0,13.53,-73.42894,2024-03-17T16:30:24.636Z,0.03665669,9710.78979,2020-06-16T13:22:25.900Z,,2025-09-23T19:02:28.734Z,2025-09-23 14:04:22.231869
pudgy-penguins,pengu,Pudgy Penguins,https://coin-images.coingecko.com/coins/images/52622/large/PUDGY_PENGUINS_PENGU_PFP.png?1733809110,0.02944365,1846900317,80,2345256319,191967388.0,0.03091384,0.02927446,-0.000772129303810876,-2.55538,-53549739.236483335,-2.81774,62860396090.0,79822251249.29294,88888888888.0,0.068447,-56.77687,2024-12-17T13:05:22.873Z,0.00371517,696.32485,2025-04-09T01:31:57.832Z,,2025-09-23T19:02:22.034Z,2025-09-23 14:04:22.231869
kelp-dao-restaked-eth,rseth,Kelp DAO Restaked ETH,https://coin-images.coingecko.com/coins/images/33800/large/Icon___Dark.png?1702991855,4376.25,1846306173,81,1846306173,4916070.0,4451.08,4345.85,-2.595533361877642,-0.05927,47642870.0,2.64879,421892.3201262429,421892.3201262429,,5190.42,-15.60288,2025-08-24T19:13:49.359Z,1029.61,325.45952,2025-09-02T07:53:14.684Z,,2025-09-23T19:02:21.310Z,2025-09-23 14:04:22.231869
kinetic-staked-hype,khype,Kinetiq Staked HYPE,https://coin-images.coingecko.com/coins/images/67388/large/khype.png?1752632397,45.34,1828008637,82,1828008637,71977041.0,48.92,45.44,-2.598240461305245,-5.41966,-97511613.21395159,-5.06417,40022787.36339497,40022787.36339497,,59.44,-22.76886,2025-09-18T01:45:16.367Z,35.62,28.86709,2025-08-02T18:59:35.641Z,,2025-09-23T19:02:21.530Z,2025-09-23 14:04:22.231869
usdtb,usdtb,USDtb,https://coin-images.coingecko.com/coins/images/52804/large/76357aa8-4ef7-446c-bad3-a3f944eeec7a.jpeg?1758277468,1.001,1826177250,83,1825968898,17288825.0,1.005,0.996271,0.00058593,0.05857,3191995.0,0.1751,1825533004.247021,1825324725.247021,,1.057,-5.4586,2025-09-20T13:20:33.315Z,0.900502,10.9734,2025-07-17T08:05:52.672Z,,2025-09-23T19:02:21.404Z,2025-09-23 14:04:22.231869
sei-network,sei,Sei,https://coin-images.coingecko.com/coins/images/28205/large/Sei_Logo_-_Transparent.png?1696527207,0.289514,1772284607,84,2892214227,92151385.0,0.298057,0.282947,0.00189358,0.65836,8507546.0,0.48235,6127777777.0,10000000000.0,,1.14,-74.52453,2024-03-16T02:30:23.904Z,0.095364,204.46414,2023-10-19T08:05:30.655Z,,2025-09-23T19:02:21.367Z,2025-09-23 14:04:22.231869
flare-networks,flr,Flare,https://coin-images.coingecko.com/coins/images/28624/large/FLR-icon200x200.png?1696527609,0.02351484,1742620895,85,2446635900,6140762.0,0.02393551,0.02339948,-0.000375539842042541,-1.57193,-32075433.117034912,-1.80738,74089343436.90352,104021275062.6503,,0.150073,-84.32815,2023-01-10T03:14:05.921Z,0.00827405,184.25266,2023-10-19T03:35:41.663Z,,2025-09-23T19:02:21.368Z,2025-09-23 14:04:22.231869
bfusd,bfusd,BFUSD,https://coin-images.coingecko.com/coins/images/68227/large/bfusd.png?1755132827,0.999506,1699160034,86,1699160034,676442.0,0.99983,0.999355,1.99e-06,0.0002,3390.14,0.0002,1700000100.0,1700000100.0,,1.001,-0.13916,2025-09-12T19:51:25.990Z,0.998554,0.09529,2025-08-21T20:27:41.005Z,,2025-09-23T15:13:49.705Z,2025-09-23 14:04:22.231869
myx-finance,myx,MYX Finance,https://coin-images.coingecko.com/coins/images/55506/large/myx.jpg?1746434335,8.68,1653468528,87,8667746902,146442292.0,10.23,8.65,-0.6510234396516896,-6.9782,-123902058.58785248,-6.97109,190761053.25,1000000000.0,1000000000.0,19.03,-54.53276,2025-09-11T03:15:27.945Z,0.04700553,18311.5508,2025-06-19T17:36:45.581Z,,2025-09-23T19:02:21.784Z,2025-09-23 14:04:22.231869
sky,sky,Sky,https://coin-images.coingecko.com/coins/images/39925/large/sky.jpg?1724827980,0.068362,1600641657,88,1605617024,15687065.0,0.068792,0.064937,0.0008711,1.29069,14930644.0,0.94157,23389960770.7052,23462665147.36596,,0.100535,-31.8397,2024-12-04T10:13:57.264Z,0.03582727,91.26523,2025-02-03T05:01:48.626Z,,2025-09-23T19:02:29.564Z,2025-09-23 14:04:22.231869
bonk,bonk,Bonk,https://coin-images.coingecko.com/coins/images/28600/large/bonk.jpg?1696527587,2.046e-05,1582319485,89,1798468837,229350272.0,2.13e-05,1.997e-05,1.37907e-07,0.67876,8521404.0,0.54145,77419592329436.58,87995329350373.1,87995329350373.1,5.825e-05,-64.69646,2024-11-20T04:01:06.465Z,8.6142e-08,23772.51101,2022-12-29T22:48:46.755Z,,2025-09-23T19:02:22.512Z,2025-09-23 14:04:22.231869
stakewise-v3-oseth,oseth,StakeWise Staked ETH,https://coin-images.coingecko.com/coins/images/33117/large/Frame_27513839.png?1700732599,4376.64,1570694290,90,1570694290,8416875.0,4448.4,4344.2,-3.6677881382947817,-0.08373,-1548624.7324705124,-0.0985,358880.6839472,358880.6839472,,5206.8,-15.86696,2025-08-24T19:14:00.394Z,1459.73,200.09959,2025-04-09T01:32:44.161Z,,2025-09-23T19:02:21.607Z,2025-09-23 14:04:22.231869
paypal-usd,pyusd,PayPal USD,https://coin-images.coingecko.com/coins/images/31212/large/PYUSD_Logo_%282%29.png?1696530039,1.001,1551928914,91,1551928914,103082656.0,1.001,0.998516,0.00061534,0.06153,142240717.0,10.09023,1551418611.270587,1551418611.270587,,1.021,-2.08314,2023-10-23T22:44:57.056Z,0.959426,4.17414,2024-12-05T22:31:13.430Z,,2025-09-23T19:02:21.497Z,2025-09-23 14:04:22.231869
filecoin,fil,Filecoin,https://coin-images.coingecko.com/coins/images/12817/large/filecoin.png?1696512609,2.24,1546477640,92,4388104733,95607899.0,2.28,2.22,-0.00405798162824178,-0.18073,-3796141.0246727467,-0.24487,690424565.0,1959068288.0,1959068306.0,236.84,-99.05102,2021-04-01T13:29:41.564Z,1.98,13.23766,2025-06-22T20:30:12.846Z,,2025-09-23T19:02:21.803Z,2025-09-23 14:04:22.231869
lombard-staked-btc,lbtc,Lombard Staked BTC,https://coin-images.coingecko.com/coins/images/39969/large/LBTC_Logo.png?1724959872,112292.0,1534094960,93,1534094960,9511693.0,113376.0,111686.0,-419.8026410306484,-0.37246,21731238.0,1.43691,13894.54959332002,0.0,,124380.0,-9.69339,2025-08-14T00:51:32.053Z,52119.0,115.51224,2024-09-06T21:01:52.094Z,,2025-09-23T19:02:21.389Z,2025-09-23 14:04:22.231869
fetch-ai,fet,Artificial Superintelligence Alliance,https://coin-images.coingecko.com/coins/images/5681/large/ASI.png?1719827289,0.589396,1533463265,94,1597943181,44295224.0,0.603291,0.586942,0.0008265,0.14042,289583.0,0.01889,2604959126.672,2714493896.672,2714493896.672,3.45,-82.94377,2024-03-28T17:21:18.050Z,0.00816959,7111.46659,2020-03-13T02:24:18.347Z,"{'times': 5.798103681496828, 'currency': 'usd', 'percentage': 579.8103681496829}",2025-09-23T19:02:21.698Z,2025-09-23 14:04:22.231869
official-trump,trump,Official Trump,https://coin-images.coingecko.com/coins/images/53746/large/trump.png?1737171561,7.59,1517415298,95,7587077509,173379957.0,7.74,7.56,-0.010874980214416574,-0.14302,-3985775.7217543125,-0.26198,199999973.087224,1000000000.0,1000000000.0,73.43,-89.65037,2025-01-19T11:50:34.806Z,4.29,77.12359,2025-01-18T03:40:29.231Z,,2025-09-23T19:02:21.661Z,2025-09-23 14:04:22.231869
liquid-staked-ethereum,lseth,Liquid Staked ETH,https://coin-images.coingecko.com/coins/images/28848/large/LsETH-receipt-token-circle.png?1696527824,4481.04,1493568960,96,1493568960,733007.0,4560.81,4463.8,-12.344311452205147,-0.27472,-3729873.3955276012,-0.24911,333260.5874040092,333260.5874040092,,5334.09,-15.79313,2025-08-24T19:17:38.271Z,1384.61,224.40041,2023-03-10T11:26:12.210Z,,2025-09-23T19:02:21.745Z,2025-09-23 14:04:22.231869
jupiter-exchange-solana,jup,Jupiter,https://coin-images.coingecko.com/coins/images/34188/large/jup.png?1704266489,0.466925,1452915636,97,3267933291,32436516.0,0.478391,0.457508,0.00077531,0.16632,2374927.0,0.16373,3111744444.42,6999011515.257492,10000000000.0,2.0,-76.55506,2024-01-31T15:02:47.304Z,0.306358,53.05679,2025-04-07T06:56:22.719Z,,2025-09-23T19:02:22.014Z,2025-09-23 14:04:22.231869
polygon-bridged-usdt-polygon,usdt,Polygon Bridged USDT (Polygon),https://coin-images.coingecko.com/coins/images/35023/large/USDT.png?1707233644,1.0,1426617241,98,1426617241,27692931.0,1.001,1.0,-0.000455258756031141,-0.0455,20698626.0,1.47225,1426532487.410225,1426532487.410225,,1.027,-2.59483,2024-04-14T06:51:56.926Z,0.945933,5.73055,2024-12-05T22:30:30.789Z,,2025-09-23T19:02:22.211Z,2025-09-23 14:04:22.231869
tether-gold,xaut,Tether Gold,https://coin-images.coingecko.com/coins/images/10481/large/Tether_Gold.png?1696510471,3755.26,1416001419,99,1416001419,226349969.0,3795.95,3736.08,-0.5429713421831366,-0.01446,5507765.0,0.39048,375572.247,375572.247,,3795.95,-1.07202,2025-09-23T10:01:50.915Z,1447.84,159.36925,2020-03-19T13:45:41.821Z,,2025-09-23T19:02:21.470Z,2025-09-23 14:04:22.231869
xdce-crowd-sale,xdc,XDC Network,https://coin-images.coingecko.com/coins/images/2912/large/xdc-icon.png?1696503661,0.076736,1360771929,100,2915515560,41053497.0,0.078142,0.07517,0.00088343,1.16467,11710490.0,0.86805,17745973386.64999,38021552647.5,,0.192754,-60.21327,2021-08-21T04:39:48.324Z,0.00039532,19299.71401,2019-07-22T00:00:00.000Z,"{'times': 1.4524880593010892, 'currency': 'eth', 'percentage': 145.24880593010892}",2025-09-23T19:02:21.715Z,2025-09-23 14:04:22.231869
quant-network,qnt,Quant,https://coin-images.coingecko.com/coins/images/3370/large/5ZOu7brX_400x400.jpg?1696504070,93.49,1357554595,101,1363931294,18495455.0,94.24,90.1,1.54,1.67772,21319747.0,1.59551,14544176.164071087,14612493.0,14612493.0,427.42,-78.13916,2021-09-11T09:15:00.668Z,0.215773,43203.84003,2018-08-23T00:00:00.000Z,"{'times': 8.662068943628757, 'currency': 'eth', 'percentage': 866.2068943628757}",2025-09-23T19:02:21.911Z,2025-09-23 14:04:22.231869
renzo-restaked-eth,ezeth,Renzo Restaked ETH,https://coin-images.coingecko.com/coins/images/34753/large/Ezeth_logo_circle.png?1713496404,4400.94,1335478970,102,1335521512,1508354.0,4472.57,4377.3,-2.7509123656845986,-0.06247,-2624877.7352838516,-0.19616,303453.4531830182,303463.119837861,,5227.06,-15.82417,2025-08-24T19:25:30.766Z,1454.43,202.51865,2025-04-09T01:30:57.856Z,,2025-09-23T19:02:21.562Z,2025-09-23 14:04:22.231869
wbnb,wbnb,Wrapped BNB,https://coin-images.coingecko.com/coins/images/12591/large/binance-coin-logo.png?1696512401,1009.22,1321436330,103,1321436330,1481583231.0,1024.6,964.54,22.81,2.31278,32261237.0,2.50247,1309585.494001277,1309585.494001277,,1081.6,-6.51358,2025-09-21T02:08:29.428Z,23.6,4184.00132,2020-09-24T13:48:40.532Z,,2025-09-23T19:02:22.090Z,2025-09-23 14:04:22.231869
immutable-x,imx,Immutable,https://coin-images.coingecko.com/coins/images/17233/large/immutableX-symbol-BLK-RGB.png?1696516787,0.669278,1298335037,104,1338532444,45472679.0,0.693601,0.65792,-0.022246060256982947,-3.21696,-43287922.152122736,-3.22653,1939938090.3898141,2000000000.0,2000000000.0,9.52,-92.93462,2021-11-26T01:03:01.536Z,0.343711,95.69368,2025-06-22T20:21:37.426Z,,2025-09-23T19:02:21.578Z,2025-09-23 14:04:22.231869
nexo,nexo,NEXO,https://coin-images.coingecko.com/coins/images/3695/large/CG-nexo-token-200x200_2x.png?1730414360,1.24,1236766530,105,1236766530,9323711.0,1.25,1.23,-0.006206554536467568,-0.49953,-3233007.9679279327,-0.26073,1000000000.0,1000000000.0,1000000000.0,4.07,-69.60854,2021-05-12T14:37:47.535Z,0.04515276,2638.07318,2018-09-13T00:00:00.000Z,"{'times': 11.36278703136898, 'currency': 'usd', 'percentage': 1136.278703136898}",2025-09-23T19:02:21.559Z,2025-09-23 14:04:22.231869
optimism,op,Optimism,https://coin-images.coingecko.com/coins/images/25244/large/Optimism.png?1696524385,0.691182,1228389487,106,2966260352,119884434.0,0.710726,0.68695,-0.004862440289303049,-0.69858,-10864137.279711246,-0.87667,1778634390.0,4294967296.0,4294967296.0,4.84,-85.69572,2024-03-06T08:35:50.817Z,0.402159,72.30585,2022-06-18T20:54:52.178Z,,2025-09-23T19:02:21.755Z,2025-09-23 14:04:22.231869
jupiter-staked-sol,jupsol,Jupiter Staked SOL,https://coin-images.coingecko.com/coins/images/37482/large/jupsol.png?1714473916,245.78,1200178291,107,1200178291,8076836.0,251.95,242.6,-4.689724194265182,-1.8724,-21682467.90202427,-1.77454,4883236.947143446,4883236.947143446,,309.67,-20.31725,2025-01-19T11:22:28.048Z,105.7,133.43786,2025-04-07T07:01:06.676Z,,2025-09-23T19:02:27.623Z,2025-09-23 14:04:22.231869
injective-protocol,inj,Injective,https://coin-images.coingecko.com/coins/images/12882/large/Other_200x200.png?1738782212,12.22,1192704048,108,1220442006,69335758.0,12.53,12.11,-0.05421413196348546,-0.44156,-8143679.094111443,-0.67816,97727220.33,100000000.0,,52.62,-76.68298,2024-03-14T15:06:22.124Z,0.657401,1766.37589,2020-11-03T16:19:30.576Z,,2025-09-23T19:02:21.681Z,2025-09-23 14:04:22.231869
solv-btc,solvbtc,Solv Protocol BTC,https://coin-images.coingecko.com/coins/images/36800/large/solvBTC.png?1719810684,111804.0,1169940612,109,1169940612,2374628.0,113671.0,111494.0,-229.92766916070832,-0.20523,-3075763.589479685,-0.26221,10466.75402367989,10466.75402367989,21000000.0,123975.0,-9.92775,2025-08-14T01:19:27.940Z,49058.0,127.62333,2024-08-05T06:28:45.311Z,,2025-09-23T19:02:21.465Z,2025-09-23 14:04:22.231869
first-digital-usd,fdusd,First Digital USD,https://coin-images.coingecko.com/coins/images/31079/large/FDUSD_icon_black.png?1731097953,0.99742,1159440931,110,1159440931,129969666.0,1.003,0.993324,-0.000805821772215332,-0.08073,14236625.0,1.24315,1162439626.732723,1162439626.732723,,1.15,-13.36769,2025-02-03T02:30:49.959Z,0.940377,6.06659,2024-12-05T22:30:51.394Z,,2025-09-23T19:02:21.572Z,2025-09-23 14:04:22.231869
celestia,tia,Celestia,https://coin-images.coingecko.com/coins/images/31967/large/tia.jpg?1696530772,1.46,1157714090,111,1678081295,66981865.0,1.51,1.46,-0.02161405420655038,-1.45489,-15912963.626893044,-1.35588,790896846.557343,1146387709.698208,,20.85,-92.95192,2024-02-10T14:30:02.495Z,1.32,11.00253,2025-06-22T20:21:50.444Z,,2025-09-23T19:02:21.749Z,2025-09-23 14:04:22.231869
zero-gravity,0g,0G,https://coin-images.coingecko.com/coins/images/69096/large/0G_1024x1024_Circular_Outlined.png?1758637574,5.37,1153777171,112,5411719866,571842581.0,7.05,4.41,0.856105,18.97118,189664869.0,19.67249,213199722.0,1000000000.0,,7.05,-23.24011,2025-09-23T02:51:08.602Z,3.49,55.22114,2025-09-22T10:56:22.272Z,,2025-09-23T19:02:21.485Z,2025-09-23 14:04:22.231869
syrupusdc,syrupusdc,syrupUSDC,https://coin-images.coingecko.com/coins/images/54658/large/SyrupUSDCO.png?1748850129,1.13,1132396933,113,1132396933,15895166.0,1.13,1.13,0.00021506,0.0191,-3886176.193564892,-0.34201,1005701614.015669,1005701614.015669,,1.14,-0.90433,2025-08-17T23:46:01.758Z,1.055,6.7818,2025-08-01T06:27:19.933Z,,2025-09-23T19:02:21.494Z,2025-09-23 14:04:22.231869
pax-gold,paxg,PAX Gold,https://coin-images.coingecko.com/coins/images/9519/large/paxgold.png?1696509604,3774.01,1099639266,114,1099639266,138274908.0,3800.41,3752.6,13.86,0.36862,7543132.0,0.6907,290578.456,290578.456,,3800.41,-0.68593,2025-09-23T10:22:07.117Z,1399.64,169.66467,2019-11-18T03:09:35.959Z,,2025-09-23T19:02:21.541Z,2025-09-23 14:04:22.231869
blockstack,stx,Stacks,https://coin-images.coingecko.com/coins/images/2069/large/Stacks_Logo_png.png?1709979332,0.596067,1072680562,115,1072680562,17792844.0,0.608541,0.591878,-0.003115574742564964,-0.51997,-6871549.729930997,-0.63652,1800361212.65946,1800361212.65946,,3.86,-84.58147,2024-04-01T12:34:58.342Z,0.04559639,1206.72998,2020-03-13T02:29:26.415Z,"{'times': 3.9672289712509867, 'currency': 'usd', 'percentage': 396.72289712509865}",2025-09-23T19:02:22.279Z,2025-09-23 14:04:22.231869
mantle-staked-ether,meth,Mantle Staked Ether,https://coin-images.coingecko.com/coins/images/33345/large/symbol_transparent_bg.png?1701697066,4464.24,1071269527,116,1071269527,1599713.0,4548.34,4430.26,-0.10523549299614388,-0.00236,-1079223.7274706364,-0.10064,239959.6173733267,239959.6173733267,,5312.55,-16.08592,2025-08-24T19:26:54.562Z,1485.62,200.07543,2025-04-09T01:32:38.082Z,,2025-09-23T19:02:21.543Z,2025-09-23 14:04:22.231869
saros-finance,saros,Saros,https://coin-images.coingecko.com/coins/images/34594/large/_SAROS_-Mark.Purple_-_Token_logo.png?1755658309,0.402637,1056899006,117,4026282193,7090133.0,0.40511,0.401208,-0.00247266584760869,-0.61037,-6327716.302851319,-0.59514,2624999826.0,10000000000.0,10000000000.0,0.427192,-5.77209,2025-09-14T16:30:39.318Z,0.00101093,39718.34017,2024-08-05T07:07:02.188Z,,2025-09-23T19:02:21.537Z,2025-09-23 14:04:22.231869
binance-bridged-usdc-bnb-smart-chain,usdc,Binance Bridged USDC (BNB Smart Chain),https://coin-images.coingecko.com/coins/images/35220/large/USDC.jpg?1707919050,0.999614,1048590792,118,1048590792,281636532.0,1.002,0.988018,-0.000455451528880602,-0.04554,-139875.99897766113,-0.01334,1048999979.839803,1048999979.839803,,1.031,-3.05005,2024-03-05T20:15:29.285Z,0.942892,6.01562,2024-12-05T22:30:25.440Z,,2025-09-23T19:02:22.285Z,2025-09-23 14:04:22.231869
aerodrome-finance,aero,Aerodrome Finance,https://coin-images.coingecko.com/coins/images/31745/large/token.png?1696530564,1.11,995841783,119,1944190904,76937438.0,1.14,1.077,0.02160018,1.98057,18131997.0,1.85454,895618964.3969717,1748524991.070015,,2.32,-51.92831,2024-12-07T14:00:38.622Z,1.861e-05,5984813.98384,2023-10-17T01:23:50.860Z,,2025-09-23T19:02:21.658Z,2025-09-23 14:04:22.231869
lido-dao,ldo,Lido DAO,https://coin-images.coingecko.com/coins/images/13573/large/Lido_DAO.png?1696513326,1.1,987767967,120,1102663832,70658225.0,1.13,1.089,-0.006742676744114773,-0.60704,-9097154.83200407,-0.91258,895801548.0664213,1000000000.0,1000000000.0,7.3,-84.80142,2021-08-20T08:35:20.158Z,0.40615,173.28169,2022-06-18T20:55:12.035Z,,2025-09-23T19:02:21.652Z,2025-09-23 14:04:22.231869
spx6900,spx,SPX6900,https://coin-images.coingecko.com/coins/images/31401/large/centeredcoin_%281%29.png?1737048493,1.035,963246474,121,963246474,27320298.0,1.095,1.035,-0.03735952443624102,-3.48535,-34647864.22555041,-3.4721,930993081.8551813,930993081.8551813,1000000000.0,2.27,-54.19847,2025-07-28T11:24:33.852Z,0.00131808,78802.29727,2024-02-04T19:12:19.110Z,,2025-09-23T19:02:21.751Z,2025-09-23 14:04:22.231869
sonic-3,s,Sonic,https://coin-images.coingecko.com/coins/images/38108/large/200x200_Sonic_Logo.png?1734679256,0.253925,960786957,122,986355766,115717333.0,0.262516,0.242606,0.01006895,4.12906,35804332.0,3.87081,3784775845.0,3885497663.0,,1.029,-75.24232,2025-01-04T21:35:44.705Z,0.242504,5.10079,2025-09-22T18:07:30.379Z,,2025-09-23T19:02:21.902Z,2025-09-23 14:04:22.231869
pancakeswap-token,cake,PancakeSwap,https://coin-images.coingecko.com/coins/images/12632/large/pancakeswap-cake-logo_%281%29.png?1696512440,2.77,954852876,123,998659577,124301772.0,2.8,2.59,0.134312,5.0961,45583539.0,5.01321,345074691.6779218,360906014.2374116,450000000.0,43.96,-93.71978,2021-04-30T10:08:22.934Z,0.194441,1320.00891,2020-11-03T14:29:34.165Z,,2025-09-23T19:02:21.973Z,2025-09-23 14:04:22.231869
msol,msol,Marinade Staked SOL,https://coin-images.coingecko.com/coins/images/17752/large/mSOL.png?1696517278,285.85,945603265,124,945603265,9231696.0,293.47,282.09,-5.769671531527479,-1.97851,-44408445.53115666,-4.48565,3306640.0,3306640.0,3306640.0,363.77,-21.04037,2025-01-19T11:26:02.862Z,8.93,3116.39133,2022-12-29T20:45:33.039Z,,2025-09-23T19:02:21.550Z,2025-09-23 14:04:22.231869
curve-dao-token,crv,Curve DAO,https://coin-images.coingecko.com/coins/images/12124/large/Curve.png?1696511967,0.668494,939027908,125,1542152781,108709252.0,0.699602,0.668367,-0.01520285216430528,-2.22362,-22016047.639665484,-2.29085,1404786321.0,2307061497.793731,3030303031.0,15.37,-95.62208,2020-08-14T00:00:00.000Z,0.180354,273.14214,2024-08-05T11:41:26.119Z,,2025-09-23T19:02:22.258Z,2025-09-23 14:04:22.231869
super-oeth,superoeth,Super OETH,https://coin-images.coingecko.com/coins/images/39828/large/Super_OETH.png?1724208268,4148.93,931895787,126,931895787,887984.0,4226.42,4122.03,-13.99986564656956,-0.3363,-3043034.2830411196,-0.32548,224597.3568590708,224597.3568590708,,4954.12,-16.13605,2025-08-24T19:27:56.125Z,1312.97,216.4361,2025-03-21T12:27:33.460Z,,2025-09-23T19:02:21.650Z,2025-09-23 14:04:22.231869
arbitrum-bridged-wbtc-arbitrum-one,wbtc,Arbitrum Bridged WBTC (Arbitrum One),https://coin-images.coingecko.com/coins/images/39532/large/wbtc.png?1722810336,111823.0,922785184,127,922785184,106442749.0,113220.0,111643.0,-582.6024089806306,-0.5183,-8503336.300241351,-0.91307,8252.16374531,8252.16374531,,124121.0,-10.01858,2025-08-14T00:35:35.175Z,49594.0,125.20074,2024-08-05T13:30:13.831Z,,2025-09-23T19:02:22.867Z,2025-09-23 14:04:22.231869
kaia,kaia,Kaia,https://coin-images.coingecko.com/coins/images/39901/large/KAIA.png?1724734368,0.151142,884191473,128,884191501,17777655.0,0.155593,0.146711,0.00225788,1.51654,12153013.0,1.39363,5856641747.106198,5856641936.044253,,0.406698,-62.90772,2024-12-03T00:11:32.242Z,0.090737,66.25433,2025-04-07T07:06:20.797Z,,2025-09-23T19:02:21.608Z,2025-09-23 14:04:22.231869
the-graph,grt,The Graph,https://coin-images.coingecko.com/coins/images/13397/large/Graph_Token.png?1696513159,0.08363,878426196,129,902622429,30859999.0,0.085515,0.083162,-7.4079392710827e-05,-0.0885,-2222061.4855070114,-0.25232,10510744559.63403,10800262816.04821,10800262823.318213,2.84,-97.04832,2021-02-12T07:28:45.775Z,0.052051,61.13464,2022-11-22T10:05:03.503Z,,2025-09-23T19:02:21.820Z,2025-09-23 14:04:22.231869
clbtc,clbtc,clBTC,https://coin-images.coingecko.com/coins/images/54164/large/clBTC.png?1738482999,112685.0,870289075,130,870289075,10.91,112984.0,111636.0,-145.77073096702225,-0.12919,-6181518.040544391,-0.70527,7723.217000000001,7723.217000000001,,129190.0,-12.7756,2025-07-24T19:16:34.717Z,51493.0,118.83581,2025-04-21T12:36:24.067Z,,2025-09-23T10:49:25.121Z,2025-09-23 14:04:22.231869
zcash,zec,Zcash,https://coin-images.coingecko.com/coins/images/486/large/circle-zcash-color.png?1696501740,53.35,868068167,131,868153911,60559066.0,54.28,47.52,5.46,11.39025,87724304.0,11.24175,16293109.5405448,16294718.9155448,21000000.0,3191.93,-98.33025,2016-10-29T00:00:00.000Z,16.08,231.44794,2024-07-05T04:22:29.321Z,,2025-09-23T19:02:21.790Z,2025-09-23 14:04:22.231869
pyth-network,pyth,Pyth Network,https://coin-images.coingecko.com/coins/images/31924/large/pyth.png?1701245725,0.150223,863441820,132,1501642283,41318572.0,0.154802,0.143948,0.00235206,1.59061,12556093.0,1.47565,5749983402.794432,10000000000.0,10000000000.0,1.2,-87.4284,2024-03-16T07:01:15.357Z,0.081442,84.67535,2025-06-22T20:20:35.064Z,,2025-09-23T19:02:21.818Z,2025-09-23 14:04:22.231869
apollox-2,apx,APX,https://coin-images.coingecko.com/coins/images/21972/large/apx.png?1696521320,1.94,842813677,133,7788939661,83474852.0,2.13,1.39,0.532818,37.90292,222470355.0,35.86246,434585698.45472044,4016263469.0,10000000000.0,2.13,-8.5942,2025-09-23T17:37:20.401Z,7.159e-05,2718479.03809,2023-09-20T09:34:32.037Z,,2025-09-23T19:02:21.603Z,2025-09-23 14:04:22.231869
floki,floki,FLOKI,https://coin-images.coingecko.com/coins/images/16746/large/PNG_image.png?1696516318,8.492e-05,820137986,134,849034872,51242431.0,8.69e-05,8.334e-05,-8.4239506702e-08,-0.09911,-428505.5508188009,-0.05222,9659650194059.0,10000000000000.0,10000000000000.0,0.00034495,-75.24697,2024-06-05T07:25:59.137Z,8.428e-08,101211.82225,2021-07-06T01:11:20.438Z,,2025-09-23T19:02:21.573Z,2025-09-23 14:04:22.231869
cgeth-hashkey-cloud,cgeth.hashkey,cgETH Hashkey Cloud,https://coin-images.coingecko.com/coins/images/54162/large/Cgeth_Hashkey.png?1738482570,4020.36,803785880,135,803785880,5.92,4064.24,4018.52,-43.88131799425037,-1.07969,-4171352.534148097,-0.51628,199929.02,199929.02,,4746.13,-15.29183,2025-08-24T19:06:16.774Z,1430.7,181.00526,2025-04-09T01:56:39.147Z,,2025-09-23T18:20:20.399Z,2025-09-23 14:04:22.231869
pendle,pendle,Pendle,https://coin-images.coingecko.com/coins/images/15069/large/Pendle_Logo_Normal-03.png?1696514728,4.72,798854878,136,1329501164,73900401.0,4.92,4.71,-0.09486161332447818,-1.96818,-16890483.184798002,-2.07056,169160871.5067004,281527448.4585314,281527448.4585314,7.5,-36.70422,2024-04-11T08:25:36.646Z,0.03377729,13960.87541,2022-11-14T20:15:58.336Z,,2025-09-23T19:02:22.079Z,2025-09-23 14:04:22.231869
dogwifcoin,wif,dogwifhat,https://coin-images.coingecko.com/coins/images/33566/large/dogwifhat.jpg?1702499428,0.783206,782217405,137,782217405,158000275.0,0.80542,0.772775,-0.003766935232276669,-0.47866,-5379448.490283132,-0.68302,998926392.0,998926392.0,998926392.0,4.83,-83.70195,2024-03-31T09:34:58.366Z,0.00155464,50487.67379,2023-12-13T07:13:50.873Z,,2025-09-23T19:02:28.255Z,2025-09-23 14:04:22.231869
l2-standard-bridged-weth-base,weth,L2 Standard Bridged WETH (Base),https://coin-images.coingecko.com/coins/images/39810/large/weth.png?1724139790,4153.8,766562733,138,766562733,482470370.0,4223.24,4132.22,-6.0250456095436675,-0.14484,-730543.3438718319,-0.09521,184713.4378457209,183690.9936156878,,4952.69,-16.16248,2025-08-24T19:25:21.091Z,1394.17,197.82641,2025-04-09T01:31:06.248Z,,2025-09-23T19:02:22.737Z,2025-09-23 14:04:22.231869
conflux-token,cfx,Conflux,https://coin-images.coingecko.com/coins/images/13079/large/3vuYMbjN.png?1696512867,0.147263,755799917,139,840079061,53403118.0,0.150115,0.143224,0.00172631,1.18617,8292159.0,1.10931,5138235605.525199,5711199539.789918,,1.7,-91.30397,2021-03-27T03:43:35.178Z,0.02199898,572.33129,2022-12-30T08:16:30.345Z,,2025-09-23T19:02:22.482Z,2025-09-23 14:04:22.231869
ether-fi,ethfi,Ether.fi,https://coin-images.coingecko.com/coins/images/35958/large/etherfi.jpeg?1710254562,1.46,749227393,140,1459672211,91422450.0,1.52,1.39,0.067609,4.84145,33880161.0,4.73618,512533237.0,998535999.0,1000000000.0,8.53,-82.82216,2024-03-27T23:14:46.721Z,0.40432,262.35699,2025-04-07T06:55:38.982Z,,2025-09-23T19:02:21.805Z,2025-09-23 14:04:22.231869
ripple-usd,rlusd,Ripple USD,https://coin-images.coingecko.com/coins/images/39651/large/RLUSD_200x200_%281%29.png?1727376633,0.999705,741504886,141,741504886,159690050.0,1.0,0.999036,6.779e-05,0.00678,164165.0,0.02214,741696777.4799982,741696777.4799982,,1.073,-6.81428,2024-12-26T10:45:52.337Z,0.962292,3.88877,2024-12-18T04:40:40.880Z,,2025-09-23T19:02:21.718Z,2025-09-23 14:04:22.231869
raydium,ray,Raydium,https://coin-images.coingecko.com/coins/images/13928/large/PSigc4ie_400x400.jpg?1696513668,2.76,739021444,142,1529710787,44991639.0,2.83,2.68,0.01401282,0.51113,3953990.0,0.53791,268127089.855586,555000000.0,555000000.0,16.83,-83.51531,2021-09-12T20:20:23.998Z,0.134391,1964.75297,2022-12-29T22:15:53.927Z,,2025-09-23T19:02:21.732Z,2025-09-23 14:04:22.231869
theta-token,theta,Theta Network,https://coin-images.coingecko.com/coins/images/2538/large/theta-token-logo.png?1696503349,0.738347,737811261,143,737811261,15556552.0,0.755754,0.72808,0.00138535,0.18798,646327.0,0.08768,1000000000.0,1000000000.0,1000000000.0,15.72,-95.30665,2021-04-16T13:15:11.190Z,0.04039979,1726.20221,2020-03-13T02:24:16.483Z,"{'times': 3.922311976114967, 'currency': 'usd', 'percentage': 392.2311976114967}",2025-09-23T19:02:22.310Z,2025-09-23 14:04:22.231869
tezos,xtz,Tezos,https://coin-images.coingecko.com/coins/images/976/large/Tezos-logo.png?1696502091,0.694195,735479252,144,749407106,16241599.0,0.707058,0.687722,-0.003967473546084066,-0.56827,-4118155.2345274687,-0.55681,1059498569.585369,1079562415.210363,,9.12,-92.38858,2021-10-04T00:41:18.025Z,0.350476,97.97705,2018-12-07T00:00:00.000Z,"{'times': 0.477010205076936, 'currency': 'usd', 'percentage': 47.7010205076936}",2025-09-23T19:02:22.204Z,2025-09-23 14:04:22.231869
global-dollar,usdg,Global Dollar,https://coin-images.coingecko.com/coins/images/51281/large/GDN_USDG_Token_200x200.png?1730484111,0.999731,730276499,145,730276499,15981337.0,0.999826,0.999569,4.94e-06,0.00049,20646540.0,2.90948,730531934.244055,730531934.254055,,1.65,-39.5798,2025-01-30T00:11:05.728Z,0.907561,10.14813,2024-11-11T23:55:50.604Z,,2025-09-23T19:02:22.247Z,2025-09-23 14:04:22.231869
ousg,ousg,OUSG,https://coin-images.coingecko.com/coins/images/29023/large/OUSG.png?1696527993,112.66,725791092,146,725791092,0.0,112.66,112.64,0.02427,0.02155,156348.0,0.02155,6442034.123466188,6442034.123466188,,112.66,0.0,2025-09-22T21:00:11.914Z,95.09,18.48164,2023-03-22T20:00:17.106Z,,2025-09-23T19:00:07.766Z,2025-09-23 14:04:22.231869
virtual-protocol,virtual,Virtuals Protocol,https://coin-images.coingecko.com/coins/images/34057/large/LOGOMARK.png?1708356054,1.091,715349397,147,1091128098,72065660.0,1.12,1.08,0.00287235,0.26393,1522434.0,0.21328,655605329.9122682,1000000000.0,1000000000.0,5.07,-78.37563,2025-01-02T06:15:38.599Z,0.00748604,14530.92087,2024-01-23T20:55:21.653Z,,2025-09-23T19:02:22.181Z,2025-09-23 14:04:22.231869
aethir,ath,Aethir,https://coin-images.coingecko.com/coins/images/36179/large/logogram_circle_dark_green_vb_green_%281%29.png?1718232706,0.05725,698771154,148,2403603843,53332807.0,0.064459,0.057206,-0.005331533725335118,-8.5194,-64726583.174117446,-8.47764,12210160394.0,42000000000.0,42000000000.0,0.118536,-51.39345,2024-06-12T10:00:49.718Z,0.02439678,136.16312,2025-04-07T06:56:24.011Z,,2025-09-23T19:02:22.098Z,2025-09-23 14:04:22.231869
gala,gala,GALA,https://coin-images.coingecko.com/coins/images/12493/large/GALA_token_image_-_200PNG.png?1709725869,0.01519078,698365601,149,698365601,67057471.0,0.01554677,0.01495049,4.194e-05,0.27684,-434421.7003926039,-0.06217,46055594420.20241,46055594420.20241,50000000000.0,0.824837,-98.15071,2021-11-26T01:03:48.731Z,0.00013475,11219.96618,2020-12-28T08:46:48.367Z,,2025-09-23T19:02:21.878Z,2025-09-23 14:04:22.231869
ethereum-name-service,ens,Ethereum Name Service,https://coin-images.coingecko.com/coins/images/19785/large/ENS.jpg?1727872989,20.8,689103020,150,2077765308,47259117.0,21.21,20.54,0.152476,0.7385,3676599.0,0.5364,33165585.054507963,100000000.0,100000000.0,83.4,-75.01636,2021-11-11T02:20:01.099Z,6.69,211.41338,2023-10-19T02:35:00.861Z,,2025-09-23T19:02:21.732Z,2025-09-23 14:04:22.231869
iota,iota,IOTA,https://coin-images.coingecko.com/coins/images/692/large/IOTA_Thumbnail_%281%29.png?1743772896,0.169717,686530132,151,798934260,6676176.0,0.173097,0.167226,0.00110874,0.65759,4516927.0,0.66229,4045731648.0,4708130739.0,,5.25,-96.76872,2017-12-19T00:00:00.000Z,0.081637,107.75141,2020-03-13T02:22:41.168Z,"{'times': 0.13249577696284404, 'currency': 'btc', 'percentage': 13.249577696284403}",2025-09-23T19:02:21.733Z,2025-09-23 14:04:22.231869
arbitrum-bridged-weth-arbitrum-one,weth,Arbitrum Bridged WETH (Arbitrum One),https://coin-images.coingecko.com/coins/images/39713/large/WETH.PNG?1723731496,4154.1,683387241,152,683387241,361794748.0,4225.16,4133.42,-6.81158340393722,-0.1637,9717943.0,1.44254,164571.0414907204,164571.0414907204,,4952.19,-16.13855,2025-08-24T19:25:21.070Z,1395.31,197.63901,2025-04-09T01:32:31.046Z,,2025-09-23T19:02:22.271Z,2025-09-23 14:04:22.231869
usdx-money-usdx,usdx,Stables Labs USDX,https://coin-images.coingecko.com/coins/images/50360/large/USDX200px.png?1731906044,0.997424,680649245,153,680649245,77398.0,0.999277,0.993714,-0.000426274375230684,-0.04272,-311603.2182235718,-0.04576,682399519.5915381,682399519.5915381,,1.057,-5.65877,2024-12-06T21:42:23.559Z,0.944423,5.61536,2025-02-05T20:50:54.140Z,,2025-09-23T19:02:21.712Z,2025-09-23 14:04:22.231869
ondo-us-dollar-yield,usdy,Ondo US Dollar Yield,https://coin-images.coingecko.com/coins/images/31700/large/usdy_%281%29.png?1696530524,1.079,674670021,154,675724586,1534170.0,1.12,1.055,-0.002906141505047311,-0.26852,-3619926.7470360994,-0.53368,625113779.8824201,626090883.9122934,,1.26,-14.73396,2024-03-27T05:24:08.110Z,0.934184,15.28238,2024-01-14T11:40:50.825Z,,2025-09-23T19:02:22.233Z,2025-09-23 14:04:22.231869
tbtc,tbtc,tBTC,https://coin-images.coingecko.com/coins/images/11224/large/0x18084fba666a33d37592fa2633fd49a74dd93a88.png?1696511155,111564.0,670749939,155,670738939,4115717.0,113127.0,111217.0,-544.5689134760469,-0.48575,-1883278.4201030731,-0.27999,6021.77916644,6021.680414939999,,123844.0,-9.916,2025-08-14T00:43:08.849Z,10104.3,1004.12469,2020-09-23T00:00:00.000Z,,2025-09-23T19:02:21.733Z,2025-09-23 14:04:22.231869
vaulta,a,Vaulta,https://coin-images.coingecko.com/coins/images/55616/large/Vaulta_CEX_Icon_Circle_-_cmc.png?1746859132,0.420439,669487920,156,882745451,32921476.0,0.429665,0.416503,-0.000334280596924752,-0.07944,-1131780.7352827787,-0.16877,1592672757.3547,2100000000.0,2100000000.0,0.778734,-45.91843,2025-05-28T08:22:53.913Z,0.416503,1.11606,2025-09-22T20:00:08.727Z,,2025-09-23T19:02:22.943Z,2025-09-23 14:04:22.231869
the-sandbox,sand,The Sandbox,https://coin-images.coingecko.com/coins/images/12129/large/sandbox_logo.jpg?1696511971,0.271469,663544272,157,813879435,30845190.0,0.276548,0.266842,0.00297473,1.10793,6288207.0,0.95674,2445857126.2233224,3000000000.0,3000000000.0,8.4,-96.754,2021-11-25T06:04:40.957Z,0.02897764,840.58688,2020-11-04T15:59:14.441Z,,2025-09-23T19:02:21.867Z,2025-09-23 14:04:22.231869
ether-fi-staked-eth,eeth,ether.fi Staked ETH,https://coin-images.coingecko.com/coins/images/33049/large/ether.fi_eETH.png?1700473063,4153.31,656956091,158,11670833006,13399.34,4221.53,4125.52,-3.2937725625524763,-0.07924,-7873925.876609564,-1.18435,158176.4108002312,2810005.875668393,,5307.23,-21.74744,2024-08-06T16:16:30.007Z,975.47,325.74657,2025-09-02T06:51:33.410Z,,2025-09-23T19:02:21.970Z,2025-09-23 14:04:22.231869
newton-project,ab,AB,https://coin-images.coingecko.com/coins/images/4376/large/400%E6%96%B9.png?1740377493,0.00832877,654405416,159,822007331,30924936.0,0.00842115,0.00832008,-5.5947684376841e-05,-0.66726,-3862814.803414464,-0.58681,78674163523.95,98823661261.46,100000000000.0,0.01727373,-51.8327,2025-03-22T08:04:44.760Z,3.8e-06,218577.18361,2022-10-11T02:32:18.937Z,"{'times': 2.470321497135689, 'currency': 'usd', 'percentage': 247.03214971356888}",2025-09-23T19:02:21.737Z,2025-09-23 14:04:22.231869
beldex,bdx,Beldex,https://coin-images.coingecko.com/coins/images/5111/large/Beldex.png?1696505631,0.087647,643975597,160,871182660,6056824.0,0.0883,0.086402,0.00059811,0.68709,4446051.0,0.69521,7345571922.485596,9937231953.735596,,0.450785,-80.55065,2018-12-17T00:00:00.000Z,0.00027519,31760.21607,2019-11-01T11:05:12.090Z,"{'times': -0.6494132401102761, 'currency': 'usd', 'percentage': -64.94132401102762}",2025-09-23T19:02:21.983Z,2025-09-23 14:04:22.231869
gteth,gteth,GTETH,https://coin-images.coingecko.com/coins/images/69320/large/gteth-logo.jpeg?1758190986,4160.64,638373038,161,638373038,3988238.0,4222.55,4124.07,0.239529,0.00576,-1638605.4029724598,-0.25603,153820.0,153820.0,,4632.41,-10.36663,2025-09-18T16:49:40.177Z,4124.07,0.68166,2025-09-23T03:15:23.000Z,,2025-09-23T19:02:21.675Z,2025-09-23 14:04:22.231869
stader-ethx,ethx,Stader ETHx,https://coin-images.coingecko.com/coins/images/30870/large/staderx.png?1696529717,4442.93,637317042,162,637317042,377045.0,4505.68,4411.9,-5.06236322849054,-0.11381,-793661.9431090355,-0.12438,143472.2419923796,143472.2419923796,,5253.42,-15.32694,2025-08-24T19:18:48.111Z,1474.49,201.6795,2025-04-09T01:32:31.885Z,,2025-09-23T19:02:21.665Z,2025-09-23 14:04:22.231869
jito-governance-token,jto,Jito,https://coin-images.coingecko.com/coins/images/33228/large/jto.png?1701137022,1.65,627073314,163,1647794178,24166972.0,1.68,1.61,0.0113412,0.69283,4305871.0,0.69141,380553179.9,1000000000.0,,6.01,-72.49128,2023-12-07T16:04:48.717Z,1.43,16.04773,2025-04-07T06:57:23.706Z,,2025-09-23T19:02:28.043Z,2025-09-23 14:04:22.231869
jasmycoin,jasmy,JasmyCoin,https://coin-images.coingecko.com/coins/images/13876/large/JASMY200x200.jpg?1696513620,0.01280447,619645873,164,639865627,31848417.0,0.01313466,0.01252929,9.644e-05,0.75892,4159970.0,0.67588,48419999999.3058,50000000000.0,50000000000.0,4.79,-99.73157,2021-02-16T03:53:32.207Z,0.00275026,367.51795,2022-12-29T20:41:09.113Z,,2025-09-23T19:02:21.896Z,2025-09-23 14:04:22.231869
binance-peg-dogecoin,doge,Binance-Peg Dogecoin,https://coin-images.coingecko.com/coins/images/15768/large/dogecoin.png?1696515392,0.237272,608451965,165,608451965,5143047.0,0.243248,0.233617,-0.001126160483611915,-0.47239,-1730277.3973960876,-0.28357,2564621588.411565,2564621588.411565,,0.480585,-50.31609,2024-12-08T04:37:38.676Z,0.04955727,381.81282,2022-06-18T20:56:27.223Z,,2025-09-23T19:02:21.836Z,2025-09-23 14:04:22.231869
fartcoin,fartcoin,Fartcoin,https://coin-images.coingecko.com/coins/images/50891/large/fart.jpg?1729503972,0.606397,605332454,166,605332454,159486227.0,0.631588,0.600042,-0.002459467436736307,-0.40395,-5669975.420728207,-0.92798,999982917.097809,999982917.097809,1000000000.0,2.48,-75.51183,2025-01-19T20:41:07.782Z,0.02002855,2930.82618,2024-10-30T07:56:04.381Z,,2025-09-23T19:02:21.989Z,2025-09-23 14:04:22.231869
benqi-liquid-staked-avax,savax,BENQI Liquid Staked AVAX,https://coin-images.coingecko.com/coins/images/23657/large/savax_blue.png?1696522860,41.86,603460416,167,603460416,4423499.0,43.55,38.38,2.99,7.70201,42253577.0,7.52906,14409648.19571597,14409648.19571597,,103.55,-59.46973,2022-04-02T13:44:54.612Z,9.25,353.78911,2023-09-14T12:26:14.318Z,,2025-09-23T19:02:21.694Z,2025-09-23 14:04:22.231869
bittorrent,btt,BitTorrent,https://coin-images.coingecko.com/coins/images/22457/large/btt_logo.png?1696521780,6.04702e-07,596516429,168,598899235,15396394.0,6.09568e-07,5.96052e-07,1.015e-09,0.16806,1861175.0,0.31298,986061142857000.0,990000000000000.0,990000000000000.0,3.43e-06,-82.37661,2022-01-21T04:00:31.909Z,3.65368e-07,65.50949,2023-10-13T05:10:41.241Z,,2025-09-23T19:02:22.146Z,2025-09-23 14:04:22.231869
morpho,morpho,Morpho,https://coin-images.coingecko.com/coins/images/29837/large/Morpho-token-icon.png?1726771230,1.77,587615638,169,1773052496,24968271.0,1.85,1.77,-0.05291131878983579,-2.89529,-19050522.867758512,-3.1402,331414687.0431407,1000000000.0,1000000000.0,4.17,-57.3278,2025-01-17T12:46:19.818Z,0.713151,149.55293,2024-11-25T01:55:43.353Z,,2025-09-23T19:02:21.831Z,2025-09-23 14:04:22.231869
sun-token,sun,Sun Token,https://coin-images.coingecko.com/coins/images/12424/large/RSFOmQ.png?1696512245,0.03022887,578828585,170,600971580,118968962.0,0.03528667,0.0300787,-0.003582581905639086,-10.59577,-73033697.06360233,-11.20385,19167481064.20058,19900730000.0,,66.45,-99.9542,2020-09-11T03:18:35.837Z,0.00462303,558.27996,2022-11-14T04:45:13.210Z,,2025-09-23T19:02:22.138Z,2025-09-23 14:04:22.231869
eigenlayer,eigen,EigenCloud (prev. EigenLayer),https://coin-images.coingecko.com/coins/images/37441/large/eigencloud.jpg?1751003565,1.71,578654680,171,2991791708,118955473.0,1.84,1.69,-0.04365065037856941,-2.48378,-16386740.142872453,-2.75388,338203331.555808,1748597147.115669,,5.65,-69.55518,2024-12-17T03:45:30.422Z,0.668501,157.11781,2025-04-09T01:30:50.669Z,,2025-09-23T19:02:25.701Z,2025-09-23 14:04:22.231869
mantle-restaked-eth,cmeth,Mantle Restaked ETH,https://coin-images.coingecko.com/coins/images/51114/large/symbol.png?1730117724,4462.35,577104316,172,577104316,5131525.0,4545.15,4433.42,-5.375977248062554,-0.12033,-2928702.453368902,-0.50492,129535.5717892634,129535.5717892634,,5306.91,-16.19641,2025-08-24T19:18:55.595Z,1480.7,200.3564,2025-04-09T01:30:47.033Z,,2025-09-23T19:02:21.796Z,2025-09-23 14:04:22.231869
flow,flow,Flow,https://coin-images.coingecko.com/coins/images/13446/large/5f6294c0c7a8cda55cb1c936_Flow_Wordmark.png?1696513210,0.356291,573017033,173,573017033,6606046.0,0.362378,0.353404,-0.000548237806620056,-0.15364,-1536930.7878996134,-0.2675,1609858180.990787,1609858180.990787,,42.4,-99.15733,2021-04-05T13:49:10.098Z,0.292024,22.34239,2025-06-22T20:20:12.921Z,,2025-09-23T19:02:21.823Z,2025-09-23 14:04:22.231869
dexe,dexe,DeXe,https://coin-images.coingecko.com/coins/images/12713/large/DEXE_token_logo.png?1696512514,10.0,571020069,174,965016121,21232674.0,11.19,10.0,-0.7529880939125189,-7.00314,-43560972.40223014,-7.08791,57103774.56313077,96504599.33609451,,32.38,-68.96771,2021-03-08T13:29:57.935Z,0.671563,1396.29236,2020-11-06T19:31:40.144Z,,2025-09-23T19:02:22.053Z,2025-09-23 14:04:22.231869
usual-usd,usd0,Usual USD,https://coin-images.coingecko.com/coins/images/38272/large/USD0LOGO.png?1716962811,0.998599,564520185,175,564520185,2078807.0,0.999668,0.996183,0.0003238,0.03244,-701011.047516346,-0.12402,565311981.4007214,565311981.4007214,,1.33,-24.72921,2024-07-12T08:28:59.311Z,0.962885,3.6328,2025-04-10T08:30:51.088Z,,2025-09-23T19:02:21.892Z,2025-09-23 14:04:22.231869
coinbase-wrapped-staked-eth,cbeth,Coinbase Wrapped Staked ETH,https://coin-images.coingecko.com/coins/images/27008/large/cbeth.png?1709186989,4568.32,561753743,176,1704511339,32295559.0,4645.85,4544.37,-6.111591591372417,-0.1336,-6958169.1595829725,-1.2235,123039.2611943105,373334.0782232124,,5441.47,-15.97242,2025-08-24T19:27:49.680Z,1036.96,340.93803,2022-11-09T23:45:43.665Z,,2025-09-23T19:02:22.007Z,2025-09-23 14:04:22.231869
walrus-2,wal,Walrus,https://coin-images.coingecko.com/coins/images/54914/large/WAL_logo.png?1742494301,0.38837,561547841,177,1941392710,21686549.0,0.39387,0.378446,0.00266465,0.69085,3788205.0,0.67918,1446250000.0,5000000000.0,5000000000.0,0.759179,-48.76858,2025-05-14T08:10:39.605Z,0.360051,8.0231,2025-06-22T20:31:22.243Z,,2025-09-23T19:02:21.913Z,2025-09-23 14:04:22.231869
decentraland,mana,Decentraland,https://coin-images.coingecko.com/coins/images/878/large/decentraland-mana.png?1696502010,0.290107,556790889,178,636284592,23736175.0,0.296535,0.287423,-0.00224128055032019,-0.76665,-4045930.128151655,-0.72141,1919176234.0638878,2193179327.320146,2193179327.320146,5.85,-95.04216,2021-11-25T10:04:18.534Z,0.00923681,3040.42058,2017-10-31T00:00:00.000Z,"{'times': 13.505333346711565, 'currency': 'usd', 'percentage': 1350.5333346711566}",2025-09-23T19:02:22.345Z,2025-09-23 14:04:22.231869
sweth,sweth,Swell Ethereum,https://coin-images.coingecko.com/coins/images/30326/large/_lB7zEtS_400x400.jpg?1696529227,4525.72,548446187,179,548461478,159143.0,4603.91,4491.21,14.92,0.33072,581795.0,0.10619,121323.095741077,121326.478319651,,5370.2,-15.71545,2025-08-24T19:22:28.159Z,1516.13,198.54034,2025-04-09T01:31:40.463Z,,2025-09-23T19:02:21.864Z,2025-09-23 14:04:22.231869
ethena-staked-ena,sena,Ethena Staked ENA,https://coin-images.coingecko.com/coins/images/50235/large/ena.png?1726630994,0.614511,545830511,180,545830511,1175789.0,0.626983,0.593368,0.01536708,2.56484,13367249.0,2.51045,888241083.1104304,888228378.6071552,,1.31,-52.96307,2024-12-16T00:36:21.792Z,0.227519,170.07516,2025-06-22T20:25:20.581Z,,2025-09-23T19:02:22.066Z,2025-09-23 14:04:22.231869
avantis,avnt,Avantis,https://coin-images.coingecko.com/coins/images/68972/large/avnt-token.png?1757134448,2.05,527092273,181,2041364145,1423890901.0,2.26,1.76,-0.001708380134274101,-0.08314,-8302679.420508146,-1.55076,258205903.14667922,1000000000.0,1000000000.0,2.64,-22.53052,2025-09-22T00:21:56.300Z,0.187764,987.40595,2025-09-09T15:46:28.225Z,,2025-09-23T19:02:21.917Z,2025-09-23 14:04:22.231869
bitcoin-avalanche-bridged-btc-b,btc.b,Avalanche Bridged BTC (Avalanche),https://coin-images.coingecko.com/coins/images/26115/large/btcb.png?1696525205,111869.0,518626980,182,518626980,186203798.0,113520.0,111584.0,-715.5343056435377,-0.63555,-1665661.7477413416,-0.32014,4633.68199479,4633.68199479,,124076.0,-9.72417,2025-08-14T00:33:23.017Z,7806.11,1334.91353,2023-03-03T05:01:42.603Z,,2025-09-23T19:02:21.995Z,2025-09-23 14:04:22.231869
arbitrum-bridged-wrapped-eeth,weeth,Arbitrum Bridged Wrapped eETH (Arbitrum),https://coin-images.coingecko.com/coins/images/69123/large/weeth.png?1757579190,4463.02,518419028,183,518419028,9933274.0,4531.67,4429.44,5.36,0.12015,-2450313.1096132994,-0.47043,116336.9240855158,116336.9240855158,,5115.55,-12.87415,2025-09-13T03:54:33.438Z,4370.87,1.96987,2025-09-22T06:06:09.508Z,,2025-09-23T19:02:21.908Z,2025-09-23 14:04:22.231869
syndicate-3,synd,Syndicate,https://coin-images.coingecko.com/coins/images/69122/large/synd.png?1757576144,1.013,512831597,184,1071300600,8863770.0,1.3,0.914795,0.091524,9.92871,65289919.0,14.58857,478700000.0,1000000000.0,1000000000.0,2.61,-60.73603,2025-09-18T08:46:05.895Z,0.611044,67.69274,2025-09-18T01:11:49.848Z,,2025-09-23T19:02:22.288Z,2025-09-23 14:04:22.231869
usdd,usdd,USDD,https://coin-images.coingecko.com/coins/images/25380/large/UUSD.jpg?1696524513,0.99982,509456309,185,509044322,3865612.0,1.001,0.998795,-0.000645173189734338,-0.06449,-5864159.284928501,-1.13796,509788950.0,509376694.0,,1.052,-4.96254,2023-10-23T22:45:25.398Z,0.928067,7.71013,2022-06-19T16:15:11.558Z,,2025-09-23T19:02:21.928Z,2025-09-23 14:04:22.231869
loaded-lions,lion,Loaded Lions,https://coin-images.coingecko.com/coins/images/54686/large/_LION_Token_Artwork.png?1741015702,0.0164709,504149570,186,1646278298,1096544.0,0.01700463,0.0162451,-0.000355918547141891,-2.11519,-10721281.97366321,-2.08232,30623593274.0,100000000000.0,100000000000.0,0.03159196,-47.69031,2025-08-28T02:22:49.420Z,0.00221931,644.62946,2025-03-04T09:34:06.201Z,,2025-09-23T19:02:22.050Z,2025-09-23 14:04:22.231869
trust-wallet-token,twt,Trust Wallet,https://coin-images.coingecko.com/coins/images/11085/large/Trust.png?1696511026,1.21,503861966,187,1209317381,79628081.0,1.29,1.16,0.01666326,1.39662,6752022.0,1.35826,416649900.0,1000000000.0,,2.72,-55.53786,2022-12-11T23:25:46.205Z,0.00277641,43473.30608,2020-06-09T09:15:06.983Z,,2025-09-23T19:02:21.967Z,2025-09-23 14:04:22.231869
mantle-bridged-usdt-mantle,usdt,Mantle Bridged USDT (Mantle),https://coin-images.coingecko.com/coins/images/35069/large/logo.png?1707291114,0.997496,497586832,188,497586832,8448000.0,1.022,0.979934,-0.002596871230179598,-0.25966,-647013.1469222903,-0.12986,498049594.764455,498049594.764455,,1.26,-21.51906,2024-03-27T05:23:28.006Z,0.869914,14.122,2024-03-15T09:13:18.491Z,,2025-09-23T19:02:22.309Z,2025-09-23 14:04:22.231869
vision-3,vsn,Vision,https://coin-images.coingecko.com/coins/images/67399/large/Logo-Vision-Symbol-BG-Green.png?1752676915,0.151282,496659180,189,635762255,1038664.0,0.155,0.150076,-0.001241574351204117,-0.81402,-3868995.9888536334,-0.77298,3281051272.4652734,4200000000.0,4200000000.0,0.223874,-31.59437,2025-08-11T11:13:12.424Z,0.120088,27.5252,2025-07-21T06:42:09.192Z,,2025-09-23T19:02:21.865Z,2025-09-23 14:04:22.231869
true-usd,tusd,TrueUSD,https://coin-images.coingecko.com/coins/images/3449/large/tusd.png?1696504140,0.998786,494098758,190,494098758,13389048.0,1.0,0.9977,-0.000762225110710557,-0.07626,-130877.36672794819,-0.02648,494515083.0,494515083.0,,1.62,-38.27228,2018-08-26T20:41:09.375Z,0.88355,13.07466,2020-03-12T10:47:51.380Z,,2025-09-23T19:02:22.656Z,2025-09-23 14:04:22.231869
bitcoin-cash-sv,bsv,Bitcoin SV,https://coin-images.coingecko.com/coins/images/6799/large/BSV.png?1696507128,24.49,487897203,191,487897433,11597871.0,24.76,23.99,0.159008,0.6535,3739616.0,0.7724,19923959.375,19923968.75,21000000.0,489.75,-95.0001,2021-04-16T17:09:04.630Z,21.43,14.23945,2023-06-10T04:32:12.266Z,,2025-09-23T19:02:21.906Z,2025-09-23 14:04:22.231869
wormhole,w,Wormhole,https://coin-images.coingecko.com/coins/images/35087/large/W_Token_%283%29.png?1758122686,0.101833,484940481,192,1016191600,67833956.0,0.107156,0.099043,0.00182494,1.8248,7381096.0,1.54559,4772136292.0,10000000000.0,10000000000.0,1.66,-93.82885,2024-04-03T11:46:35.308Z,0.051583,98.32213,2025-06-22T20:21:05.616Z,,2025-09-23T19:02:22.054Z,2025-09-23 14:04:22.231869
wrapped-avax,wavax,Wrapped AVAX,https://coin-images.coingecko.com/coins/images/15075/large/wrapped-avax.png?1696514734,34.19,482432608,193,482432608,952103732.0,35.85,31.37,2.4,7.56396,26384471.0,5.78546,14111074.4294805,14111074.4294805,,2000.68,-98.2857,2022-12-17T21:19:43.450Z,7.91,333.74237,2022-12-12T20:49:46.006Z,,2025-09-23T19:02:22.706Z,2025-09-23 14:04:22.231869
starknet,strk,Starknet,https://coin-images.coingecko.com/coins/images/26433/large/starknet.png?1696525507,0.117849,480047399,194,1177414982,17698147.0,0.120973,0.115569,0.00098376,0.84179,2986833.0,0.62609,4077130043.348971,10000000000.0,10000000000.0,4.41,-97.31833,2024-02-20T12:05:13.556Z,0.097027,21.9858,2025-06-22T20:21:37.039Z,,2025-09-23T19:02:22.058Z,2025-09-23 14:04:22.231869
superstate-short-duration-us-government-securities-fund-ustb,ustb,Superstate Short Duration U.S. Government Securities Fund (USTB),https://coin-images.coingecko.com/coins/images/35012/large/ustb.jpeg?1707102680,10.83,472898317,195,472786952,0.0,10.83,10.83,0.003484,0.03217,49089882.0,11.58304,43657876.250101,43647595.054138,,10.83,0.0,2025-09-23T13:20:12.848Z,10.29,5.25868,2025-02-26T09:55:09.261Z,,2025-09-23T19:00:01.681Z,2025-09-23 14:04:22.231869
dydx-chain,dydx,dYdX,https://coin-images.coingecko.com/coins/images/32594/large/dydx.png?1698673495,0.599582,469255162,196,574541621,7223850.0,0.614766,0.585616,-0.005368827564136258,-0.88748,-4300307.633486271,-0.90809,782723594.6708589,958342751.0,1000000000.0,4.52,-86.68183,2024-03-07T22:19:11.131Z,0.418236,43.89038,2025-06-22T20:22:23.718Z,,2025-09-23T19:02:21.943Z,2025-09-23 14:04:22.231869
bybit-staked-sol,bbsol,Bybit Staked SOL,https://coin-images.coingecko.com/coins/images/40095/large/400x400.png?1725628094,238.91,462614756,197,462614756,1753375.0,244.86,236.15,-4.43314212059434,-1.8218,-10911727.202892244,-2.30435,1937395.228502623,1937395.228502623,,308.6,-22.37809,2025-01-19T11:17:15.246Z,103.09,132.35395,2025-04-07T06:57:27.130Z,,2025-09-23T19:02:21.951Z,2025-09-23 14:04:22.231869
frax-ether,frxeth,Frax Ether,https://coin-images.coingecko.com/coins/images/28284/large/frxETH_icon.png?1696527284,4141.47,461597508,198,461597508,3784435.0,4204.85,4109.93,1.54,0.03712,-268579.43354827166,-0.05815,111658.9231621698,111658.9231621698,,4906.89,-15.61618,2025-08-24T18:42:39.945Z,1137.25,264.09128,2022-11-23T02:25:33.267Z,,2025-09-23T19:02:22.004Z,2025-09-23 14:04:22.231869
polygon-pos-bridged-weth-polygon-pos,weth,Polygon PoS Bridged WETH (Polygon POS),https://coin-images.coingecko.com/coins/images/39708/large/WETH.PNG?1723730343,4155.09,461575616,199,461575150,13055316.0,4222.82,4128.72,-4.44517028552491,-0.10687,-904779.4571790695,-0.19564,111138.2306382696,111138.1186433502,,4948.98,-16.00746,2025-08-24T19:27:23.389Z,1390.73,198.89147,2025-04-09T01:31:27.335Z,,2025-09-23T19:02:29.424Z,2025-09-23 14:04:22.231869
polygon-pos-bridged-dai-polygon-pos,dai,Polygon PoS Bridged DAI (Polygon POS),https://coin-images.coingecko.com/coins/images/39787/large/dai.png?1724110678,0.999839,457872591,200,457872591,41236355.0,1.001,0.999235,0.00028974,0.02899,303091.0,0.06624,458116480.8078578,458116480.8078578,,1.025,-2.47685,2024-12-05T22:35:45.220Z,0.957024,4.44595,2024-12-05T22:30:49.634Z,,2025-09-23T19:02:22.335Z,2025-09-23 14:04:22.231869
steakhouse-usdc-morpho-vault,steakusdc,Steakhouse USDC Morpho Vault,https://coin-images.coingecko.com/coins/images/51473/large/steakUSDC.png?1731396462,1.1,456110929,201,456110929,0.0,1.1,1.1,-5.4440224625196e-05,-0.00495,-1161285.4954234958,-0.25396,414372345.8420754,414372345.8420754,,9.61,-88.55208,2025-02-07T09:20:06.126Z,1.034,6.48321,2025-02-28T11:10:02.135Z,,2025-09-23T18:50:06.595Z,2025-09-23 14:04:22.231869
bridged-usdc-polygon-pos-bridge,usdc.e,Bridged USDC (Polygon PoS Bridge),https://coin-images.coingecko.com/coins/images/33000/large/usdc_normal.png?1758615648,0.999614,448556419,202,448556419,8980569.0,0.999845,0.999513,-9.4364298907967e-05,-0.00944,-3818767.4010805488,-0.84416,448729713.757178,448729713.757178,,1.028,-2.74364,2024-04-14T06:50:14.967Z,0.975633,2.45784,2024-02-28T17:40:28.349Z,,2025-09-23T19:02:22.381Z,2025-09-23 14:04:22.231869
syrup,syrup,Maple Finance,https://coin-images.coingecko.com/coins/images/51232/large/_syrup_token_logo.png?1747292046,0.400827,447634718,203,480747110,18992076.0,0.408488,0.394395,0.00063972,0.15986,138694.0,0.03099,1117604386.1106412,1200275708.54902,,0.653229,-38.49611,2025-06-25T14:15:45.145Z,0.085229,371.38918,2025-04-07T07:46:35.793Z,,2025-09-23T19:02:22.155Z,2025-09-23 14:04:22.231869
linea,linea,Linea,https://coin-images.coingecko.com/coins/images/68507/large/linea-logo.jpeg?1756025484,0.02902075,447048835,204,2079296909,365103149.0,0.03052146,0.02663758,0.00067894,2.39554,7102157.0,1.61432,15482147850.0,72009990000.0,72009990000.0,0.04666898,-37.90307,2025-09-10T15:26:12.174Z,0.02182538,32.7812,2025-09-12T15:41:16.848Z,,2025-09-23T19:02:22.278Z,2025-09-23 14:04:22.231869
helium,hnt,Helium,https://coin-images.coingecko.com/coins/images/4284/large/helium_logo_use.png?1748092589,2.32,432451221,205,517757015,4029316.0,2.37,2.32,-0.004657920374892655,-0.20031,-609525.5444074869,-0.14075,186258456.0563883,223000000.0,223000000.0,54.88,-95.77106,2021-11-12T23:08:25.301Z,0.113248,1949.24252,2020-04-18T00:19:10.902Z,,2025-09-23T19:02:22.038Z,2025-09-23 14:04:22.231869
apenft,nft,APENFT,https://coin-images.coingecko.com/coins/images/15687/large/apenft.jpg?1696515316,4.35163e-07,430875663,206,435177135,13795524.0,4.40752e-07,4.35156e-07,-4.389476641e-09,-0.99862,-4590030.269904971,-1.05405,990105682877398.0,999990000000000.0,999990000000000.0,7.53e-06,-94.21409,2021-09-05T00:10:47.823Z,2.98737e-07,45.84112,2023-06-10T04:30:05.717Z,,2025-09-23T19:02:22.543Z,2025-09-23 14:04:22.231869
apecoin,ape,ApeCoin,https://coin-images.coingecko.com/coins/images/24383/large/APECOIN.png?1756551529,0.535166,427723498,207,535018525,34828883.0,0.550655,0.52151,0.0097266,1.85114,7449674.0,1.77258,799455492.0,1000000000.0,1000000000.0,26.7,-97.98805,2022-04-28T21:44:21.164Z,0.354833,51.37515,2025-04-07T06:55:35.578Z,,2025-09-23T19:02:22.201Z,2025-09-23 14:04:22.231869
based-brett,brett,Brett,https://coin-images.coingecko.com/coins/images/35529/large/1000050750.png?1709031995,0.04260053,421221175,208,421221175,33423275.0,0.0436026,0.0415024,0.00011105,0.26136,152337.0,0.03618,9909729126.21395,9909729126.21395,9999998988.0,0.234204,-81.84247,2024-12-01T16:31:18.357Z,0.00084753,4917.61597,2024-02-29T08:40:24.951Z,,2025-09-23T19:02:22.720Z,2025-09-23 14:04:22.231869
four,form,Four,https://coin-images.coingecko.com/coins/images/54912/large/four.jpg?1742461445,1.1,420482364,209,630174130,21737812.0,1.22,1.1,-0.09821871078582634,-8.18982,-37453889.84173429,-8.17884,381867255.14,572301922.1,580000000.0,4.19,-73.56441,2025-09-08T12:17:03.109Z,1.11,-0.01019,2025-09-23T18:46:53.635Z,,2025-09-23T19:02:22.067Z,2025-09-23 14:04:22.231869
neo,neo,NEO,https://coin-images.coingecko.com/coins/images/480/large/NEO_512_512.png?1696501735,5.92,417001593,210,591240029,10417281.0,6.02,5.86,-0.002063744433762338,-0.03485,-672428.8207371831,-0.16099,70530000.0,100000000.0,,198.38,-97.01695,2018-01-15T00:00:00.000Z,0.078349,7453.11298,2016-10-21T00:00:00.000Z,"{'times': 163.44664983383996, 'currency': 'usd', 'percentage': 16344.664983383995}",2025-09-23T19:02:22.119Z,2025-09-23 14:04:22.231869
ai-companions,aic,AI Companions,https://coin-images.coingecko.com/coins/images/40130/large/AI_Companions.png?1725942702,0.424902,416725693,211,416725693,7352449.0,0.483639,0.205653,0.155982,58.00282,138908239.0,49.99982,1000000000.0,1000000000.0,1000000000.0,0.544605,-24.96854,2025-02-04T14:47:32.692Z,0.03751432,989.25147,2024-11-11T08:25:53.573Z,,2025-09-23T19:02:22.183Z,2025-09-23 14:04:22.231869
thorchain,rune,THORChain,https://coin-images.coingecko.com/coins/images/6595/large/Rune200x200.png?1696506946,1.18,414132683,213,501465555,38068743.0,1.2,1.16,0.00026026,0.02205,-421438.7283066511,-0.10166,351293098.0,425374272.0,500000000.0,20.87,-94.35121,2021-05-19T00:30:09.436Z,0.00851264,13747.24336,2019-09-28T00:00:00.000Z,"{'times': 30.06024238171392, 'currency': 'usd', 'percentage': 3006.024238171392}",2025-09-23T19:02:22.218Z,2025-09-23 14:04:22.231869
hashnote-usyc,usyc,Circle USYC,https://coin-images.coingecko.com/coins/images/51054/large/Hashnote_SDYC_200x200.png?1730370965,1.1,413706859,212,413706859,110167.0,1.1,1.1,-4.894188508908e-06,-0.00044,-1954.3626504540443,-0.00047,375525781.512949,375525781.512949,,1.12,-1.3563,2025-03-04T19:26:50.778Z,1.026,7.36484,2024-12-05T22:31:20.475Z,,2025-09-23T17:12:25.339Z,2025-09-23 14:04:22.231869
swissborg,borg,SwissBorg,https://coin-images.coingecko.com/coins/images/2117/large/YJUrRy7r_400x400.png?1696503083,0.420596,412717587,214,412717587,5344015.0,0.44901,0.382233,0.0020679,0.49409,265481.0,0.06437,982602443.442,982602443.442,1000000000.0,1.64,-74.35317,2021-05-04T17:14:50.120Z,0.00502687,8266.57069,2019-07-28T00:00:00.000Z,"{'times': 3.205964369339053, 'currency': 'usd', 'percentage': 320.5964369339053}",2025-09-23T19:02:22.086Z,2025-09-23 14:04:22.231869
usdb,usdb,USDB,https://coin-images.coingecko.com/coins/images/35595/large/65c67f0ebf2f6a1bd0feb13c_usdb-icon-yellow.png?1709255427,0.995831,404354478,215,404354478,588089.0,1.011,0.987974,0.0010486,0.10541,424439.0,0.10508,406046631.5607005,406046631.5607005,,1.088,-8.33664,2025-03-02T16:57:39.891Z,0.882623,12.99871,2025-04-07T06:57:31.689Z,,2025-09-23T19:02:22.331Z,2025-09-23 14:04:22.231869
coredaoorg,core,Core,https://coin-images.coingecko.com/coins/images/28938/large/file_589.jpg?1701868471,0.399313,404239395,216,838487310,20313534.0,0.411303,0.397495,-0.009672826753766461,-2.36507,-9792238.242988884,-2.36509,1012421676.88127,2100000000.0,2100000000.0,6.14,-93.46175,2023-02-08T12:55:39.828Z,0.334237,20.17996,2023-11-03T01:20:55.441Z,,2025-09-23T19:02:22.130Z,2025-09-23 14:04:22.231869
instadapp,fluid,Fluid,https://coin-images.coingecko.com/coins/images/14688/large/Logo_1_%28brighter%29.png?1734430693,5.22,400544454,217,521859637,1458278.0,5.29,5.12,-0.05142693020206934,-0.97505,-3752896.924901426,-0.92825,76753292.53490426,100000000.0,100000000.0,24.4,-78.61218,2021-06-16T20:02:32.097Z,0.366538,1323.80935,2022-12-28T16:20:48.360Z,,2025-09-23T19:02:22.257Z,2025-09-23 14:04:22.231869
chiliz,chz,Chiliz,https://coin-images.coingecko.com/coins/images/8834/large/CHZ_Token_updated.png?1696508986,0.03959935,395547931,218,395547931,69020153.0,0.04035188,0.03851252,0.00082477,2.12709,7556044.0,1.94747,10001967405.0,10002046803.0,,0.878633,-95.49325,2021-03-13T08:04:21.200Z,0.00410887,863.7147,2019-09-28T00:00:00.000Z,"{'times': 0.7999703211327255, 'currency': 'usd', 'percentage': 79.99703211327254}",2025-09-23T19:02:22.246Z,2025-09-23 14:04:22.231869
tokenize-xchange,tkx,Tokenize Xchange,https://coin-images.coingecko.com/coins/images/4984/large/TKX_-_Logo_-_RGB-15.png?1696505519,4.88,395085993,219,493882199,447829.0,4.99,4.74,-0.02176900244195412,-0.44377,12442363.0,3.25168,79995997.76037452,100000000.0,100000000.0,50.43,-90.31624,2025-01-03T19:12:43.038Z,0.111255,4289.61446,2019-04-28T00:00:00.000Z,"{'times': 15.811193303174957, 'currency': 'usd', 'percentage': 1581.1193303174957}",2025-09-23T19:02:22.093Z,2025-09-23 14:04:22.231869
savings-dai,sdai,Savings Dai,https://coin-images.coingecko.com/coins/images/32254/large/sdai.png?1697015278,1.17,392058881,220,392058881,3682033.0,1.17,1.17,0.00023287,0.01998,-1042778.8761966228,-0.26527,336320866.678512,336320866.678512,,1.27,-8.5526,2025-01-29T17:37:21.606Z,0.186576,524.82468,2023-11-10T20:10:32.383Z,,2025-09-23T19:02:22.185Z,2025-09-23 14:04:22.231869
compound-governance-token,comp,Compound,https://coin-images.coingecko.com/coins/images/10775/large/COMP.png?1696510737,41.08,388699539,221,410519278,24419485.0,42.25,41.05,-0.5967213044414095,-1.43186,-5874449.015509367,-1.48881,9468484.415233636,10000000.0,10000000.0,910.54,-95.48876,2021-05-12T02:29:08.794Z,25.74,59.58119,2023-06-10T16:15:05.289Z,,2025-09-23T19:02:22.365Z,2025-09-23 14:04:22.231869
arweave,ar,Arweave,https://coin-images.coingecko.com/coins/images/4343/large/oRt6SiEN_400x400.jpg?1696504946,5.9,385762638,222,385762638,25220978.0,6.07,5.89,-0.07323167007875142,-1.22617,-5362583.0612770915,-1.37107,65454185.5381511,65454185.5381511,66000000.0,89.24,-93.39473,2021-11-05T04:14:42.689Z,0.298788,1872.71204,2020-01-31T06:47:36.543Z,"{'times': 6.971854523099788, 'currency': 'usd', 'percentage': 697.1854523099788}",2025-09-23T19:02:22.421Z,2025-09-23 14:04:22.231869
beam-2,beam,Beam,https://coin-images.coingecko.com/coins/images/32417/large/cgicon.png?1747892021,0.00744488,382186936,223,435561544,13798093.0,0.00758465,0.00720346,0.00015873,2.17848,7924044.0,2.11724,51340524305.0,58510524305.0,58510524305.0,0.04416304,-83.06166,2024-03-10T10:40:22.381Z,0.00429024,74.36071,2025-06-22T20:20:13.273Z,,2025-09-23T19:02:22.344Z,2025-09-23 14:04:22.231869
telcoin,tel,Telcoin,https://coin-images.coingecko.com/coins/images/1899/large/tel.png?1696502892,0.0041242,381862880,224,412480328,1327810.0,0.00431214,0.00412271,-0.000171374017654244,-3.98955,-15955559.644505918,-4.01076,92577234366.71,100000000000.0,100000000000.0,0.064483,-93.60426,2021-05-11T00:32:24.043Z,6.474e-05,6270.69103,2020-03-13T02:24:47.992Z,"{'times': 3.124196040582929, 'currency': 'usd', 'percentage': 312.4196040582929}",2025-09-23T19:02:22.393Z,2025-09-23 14:04:22.231869
reserve-protocol-eth-plus,eth+,ETHPlus,https://coin-images.coingecko.com/coins/images/38061/large/ETH__Logo.png?1716440789,4378.6,377204282,225,377204282,1123139.0,4444.49,4347.48,0.611339,0.01396,-3900941.972954273,-1.02359,86147.14102246525,86147.14102246525,,5150.57,-15.07973,2025-08-24T18:12:08.494Z,1461.53,199.26728,2025-04-09T01:30:26.111Z,,2025-09-23T19:02:22.207Z,2025-09-23 14:04:22.231869
keeta,kta,Keeta,https://coin-images.coingecko.com/coins/images/54723/large/2025-03-05_22.53.06.jpg?1741234207,0.879786,375539473,226,883889230,21916906.0,1.11,0.876558,-0.1947576710892267,-18.12468,-78081781.3518756,-17.21299,424871646.71112835,1000000000.0,1000000000.0,1.68,-47.40766,2025-06-09T08:25:28.951Z,0.0068199,12868.87758,2025-03-08T15:56:27.362Z,,2025-09-23T19:02:22.295Z,2025-09-23 14:04:22.231869
chain-2,xcn,Onyxcoin,https://coin-images.coingecko.com/coins/images/24210/large/onyxlogo.jpg?1696523397,0.01064621,373108412,227,515149905,13539978.0,0.01093374,0.01048545,-0.000187378099325399,-1.7296,-6699135.001709878,-1.76382,35056503965.349846,48402432408.48609,48402432408.48609,0.184139,-94.21621,2022-05-27T11:45:24.820Z,0.0007055,1409.59693,2023-10-11T20:12:02.910Z,,2025-09-23T19:02:22.309Z,2025-09-23 14:04:22.231869
drift-staked-sol,dsol,Drift Staked SOL,https://coin-images.coingecko.com/coins/images/37479/large/solana.png?1714471411,247.17,371090101,228,371090101,174228.0,253.12,243.91,-5.385341096968062,-2.13234,-8081066.528898656,-2.13124,1501357.179613827,1501357.179613827,,311.34,-20.285,2025-01-19T12:03:05.837Z,107.06,131.82632,2025-04-07T06:56:08.117Z,,2025-09-23T19:02:22.420Z,2025-09-23 14:04:22.231869
treehouse-eth,teth,Treehouse ETH,https://coin-images.coingecko.com/coins/images/40155/large/tETH_Logo_%28Color__No_Background%29.png?1748368386,5057.62,370127114,229,370127114,2392122.0,5121.57,5018.25,1.016,0.0201,-355479.72599577904,-0.09595,73307.15619927018,73307.15619927018,,6000.87,-15.80218,2025-08-24T19:25:31.650Z,1683.91,200.0525,2025-04-09T01:47:32.152Z,,2025-09-23T19:02:22.806Z,2025-09-23 14:04:22.231869
elrond-erd-2,egld,MultiversX,https://coin-images.coingecko.com/coins/images/12335/large/egld-token-logo.png?1696512162,12.93,370104939,230,370104939,13881937.0,13.23,12.77,0.00427679,0.03309,-418175.1927667856,-0.11286,28644064.0,28644064.0,31415926.0,545.64,-97.61909,2021-11-23T10:33:26.737Z,6.51,99.65964,2020-10-07T01:44:53.554Z,,2025-09-23T19:02:22.481Z,2025-09-23 14:04:22.231869
olympus,ohm,Olympus,https://coin-images.coingecko.com/coins/images/14483/large/token_OHM_%281%29.png?1696514169,22.51,368162351,231,471759190,405206.0,22.69,22.3,0.03835351,0.17068,448375.0,0.12194,16376217.36631088,20984304.9596939,20984304.9596939,1415.26,-98.41192,2021-04-25T00:00:00.000Z,7.54,197.94149,2022-11-26T16:36:26.296Z,,2025-09-23T19:02:22.329Z,2025-09-23 14:04:22.231869
axie-infinity,axs,Axie Infinity,https://coin-images.coingecko.com/coins/images/13029/large/axie_infinity_logo.png?1696512817,2.21,367325133,232,595705712,26004936.0,2.24,2.15,0.02104423,0.96285,3221805.0,0.88486,166487888.0864154,270000000.0,270000000.0,164.9,-98.65382,2021-11-06T19:29:29.482Z,0.123718,1694.26005,2020-11-06T08:05:43.662Z,,2025-09-23T19:02:22.267Z,2025-09-23 14:04:22.231869
unit-bitcoin,ubtc,Unit Bitcoin,https://coin-images.coingecko.com/coins/images/55066/large/ubtc.jpg?1743580113,111604.0,365372379,233,2344449370557,9140510.0,113540.0,111565.0,-575.163470946849,-0.51272,-1980364.279952228,-0.53909,3272.75993401,20999999.99993401,21000000.0,124343.0,-10.27663,2025-08-14T00:40:10.352Z,73355.0,52.08868,2025-04-07T06:56:28.361Z,,2025-09-23T19:02:22.231Z,2025-09-23 14:04:22.231869
gnosis,gno,Gnosis,https://coin-images.coingecko.com/coins/images/662/large/logo_square_simple_300px.png?1696501854,137.14,361964600,234,411387454,8226290.0,139.59,136.89,-1.1789703138884704,-0.85238,-2920402.052332461,-0.80036,2639589.0,3000000.0,3000000.0,644.2,-78.71394,2021-11-08T17:33:29.302Z,6.88,1891.91379,2020-03-13T02:24:11.825Z,,2025-09-23T19:02:22.307Z,2025-09-23 14:04:22.231869
zksync,zk,ZKsync,https://coin-images.coingecko.com/coins/images/38043/large/ZKTokenBlack.png?1718614502,0.04988196,360613574,235,1047169003,10729106.0,0.050858,0.04900049,-0.000646726496225498,-1.27992,-4770001.47958523,-1.30548,7231769682.371818,21000000000.0,21000000000.0,0.320983,-84.43368,2024-06-17T07:44:40.385Z,0.03697818,35.1207,2025-06-22T20:21:44.030Z,,2025-09-23T19:02:26.832Z,2025-09-23 14:04:22.231869
reserve-rights-token,rsr,Reserve Rights,https://coin-images.coingecko.com/coins/images/8365/large/RSR_Blue_Circle_1000.png?1721777856,0.00597666,358394588,236,597433828,26976723.0,0.00625409,0.00588385,-7.7300662664979e-05,-1.27686,-4933419.300873876,-1.35784,59989001525.0,100000000000.0,100000000000.0,0.117424,-94.91101,2021-04-16T17:45:02.062Z,0.00121354,392.41596,2020-03-16T11:09:08.151Z,"{'times': 4.4333287049418475, 'currency': 'usd', 'percentage': 443.3328704941847}",2025-09-23T19:02:22.430Z,2025-09-23 14:04:22.231869
ecash,xec,eCash,https://coin-images.coingecko.com/coins/images/16646/large/Logo_final-22.png?1696516207,1.796e-05,358083788,237,358084406,7963754.0,1.819e-05,1.78e-05,4.4699e-08,0.24948,930347.0,0.26049,19924104672581.0,19924139047581.0,21000000000000.0,0.00038001,-95.26258,2021-09-04T17:09:31.137Z,1.604e-05,12.23905,2025-04-07T07:05:49.124Z,,2025-09-23T19:02:22.305Z,2025-09-23 14:04:22.231869
eutbl,eutbl,Spiko EU T-Bills Money Market Fund,https://coin-images.coingecko.com/coins/images/39657/large/EUTBL.png?1723517425,1.23,357891780,238,357891780,0.0,1.23,1.23,0.00171805,0.1401,-4790197.062434137,-1.32077,291336140.53143,291336140.53143,,1.24,-0.79749,2025-09-17T18:15:08.633Z,1.011,21.47633,2024-08-15T09:45:23.684Z,,2025-09-23T19:00:01.481Z,2025-09-23 14:04:22.231869
zebec-network,zbcn,Zebec Network,https://coin-images.coingecko.com/coins/images/37052/large/zbcn.jpeg?1713168241,0.00413824,356511044,239,413068702,27959046.0,0.00478348,0.00400863,5.09e-06,0.12317,949278.0,0.26698,86306925195.57034,99998836210.16225,100000000000.0,0.00700261,-41.16169,2025-05-30T03:20:44.650Z,0.00069854,489.83266,2024-08-05T13:31:51.088Z,,2025-09-23T19:02:22.796Z,2025-09-23 14:04:22.231869
gho,gho,GHO,https://coin-images.coingecko.com/coins/images/30663/large/gho-token-logo.png?1720517092,0.999088,352431232,240,352431232,43771605.0,0.999893,0.998933,-0.000332481068757828,-0.03327,-150849.8837788105,-0.04278,352783922.449995,352783922.449995,,1.03,-3.00133,2024-02-28T17:15:58.387Z,0.917065,8.92716,2023-10-24T04:41:04.568Z,,2025-09-23T19:02:22.216Z,2025-09-23 14:04:22.231869
kava,kava,Kava,https://coin-images.coingecko.com/coins/images/9761/large/kava.png?1696509822,0.319101,345443008,241,345443008,7242406.0,0.323997,0.319016,-0.003299469963614576,-1.02341,-3780381.003814876,-1.08251,1082853067.0,1082853067.0,,9.12,-96.50164,2021-08-30T11:10:02.948Z,0.247359,28.98585,2024-08-05T06:27:34.050Z,,2025-09-23T19:02:22.253Z,2025-09-23 14:04:22.231869
build-on,b,BUILDon,https://coin-images.coingecko.com/coins/images/55974/large/T7asvmCb_400x400.jpg?1747902862,0.343794,343335567,242,343335567,8250486.0,0.396694,0.343341,-0.046335902072170865,-11.87705,-47998271.97868532,-12.2653,1000000000.0,1000000000.0,1000000000.0,0.731588,-52.92825,2025-08-31T21:31:16.268Z,0.175498,96.22548,2025-05-23T11:15:45.539Z,,2025-09-23T19:02:22.281Z,2025-09-23 14:04:22.231869
aioz-network,aioz,AIOZ Network,https://coin-images.coingecko.com/coins/images/14631/large/aioz-logo-200.png?1696514309,0.287309,340704390,243,345954567,10527898.0,0.300238,0.287032,-0.011437869840089154,-3.82861,-14098574.496788383,-3.97363,1186879247.938094,1205168786.765507,,2.65,-89.12841,2021-04-03T11:55:34.211Z,0.01099588,2520.93773,2023-09-13T19:20:42.446Z,,2025-09-23T19:02:22.422Z,2025-09-23 14:04:22.231869
wemix-token,wemix,WEMIX,https://coin-images.coingecko.com/coins/images/12998/large/wemixcoin_color_200.png?1696512788,0.744983,339881543,244,407097046,2661565.0,0.776918,0.731122,-0.020772975985697717,-2.71274,-9334117.390995204,-2.67288,456082921.1429949,546278589.3652309,590000000.0,24.71,-96.98532,2021-11-21T17:33:44.178Z,0.128398,480.21149,2021-06-22T12:52:49.089Z,,2025-09-23T19:02:22.215Z,2025-09-23 14:04:22.231869
superfarm,super,SuperVerse,https://coin-images.coingecko.com/coins/images/14040/large/SV-Logo-200x200.png?1706880312,0.537051,337319757,245,536779041,7962833.0,0.546925,0.52633,0.00306105,0.57324,1952719.0,0.58226,628414545.0,1000000000.0,1000000000.0,4.74,-88.65256,2021-03-31T07:38:55.006Z,0.070397,664.28574,2023-10-19T02:20:23.295Z,,2025-09-23T19:02:22.354Z,2025-09-23 14:04:22.231869
wrapped-ether-mantle-bridge,weth,Wrapped Ether (Mantle Bridge),https://coin-images.coingecko.com/coins/images/31013/large/wrapped-eth-mantle-bridge.png?1696529850,4148.54,337143164,246,337143173,2450387.0,4240.64,4096.75,-7.758845513623783,-0.18668,96297.0,0.02857,81241.2886468258,81241.2908146258,,4962.42,-16.8537,2025-08-24T19:24:03.164Z,1402.44,194.20736,2025-04-09T01:32:36.128Z,,2025-09-23T19:02:22.317Z,2025-09-23 14:04:22.231869
ronin,ron,Ronin,https://coin-images.coingecko.com/coins/images/20009/large/photo_2024-04-06_22-52-24.jpg?1712415367,0.484409,335842344,247,484536301,4327145.0,0.49314,0.476595,0.0046811,0.97578,3223205.0,0.96904,693121119.9637812,1000000000.0,1000000000.0,4.45,-89.04512,2024-03-26T05:12:38.487Z,0.196601,147.99512,2022-11-21T19:36:31.487Z,,2025-09-23T19:02:22.341Z,2025-09-23 14:04:22.231869
toshi,toshi,Toshi,https://coin-images.coingecko.com/coins/images/31126/large/Toshi_Logo_-_Circular.png?1721677476,0.00079791,335378211,248,335378211,45355176.0,0.00083857,0.00071803,6.881e-05,9.43815,28123161.0,9.15303,420690000000.0,420690000000.0,420690000000.0,0.00226012,-64.82462,2025-01-26T15:05:39.402Z,1.8963e-08,4192194.4297,2023-10-09T16:05:26.462Z,,2025-09-23T19:02:22.611Z,2025-09-23 14:04:22.231869
axelar,axl,Axelar,https://coin-images.coingecko.com/coins/images/27277/large/V-65_xQ1_400x400.jpeg?1696526329,0.316673,330047249,249,385864303,22118241.0,0.323591,0.294519,0.02117581,7.16616,22717167.0,7.39178,1040806864.247661,1216826428.008373,,2.64,-87.88477,2024-03-01T09:20:05.541Z,0.274681,16.61372,2025-04-07T06:56:16.620Z,,2025-09-23T19:02:22.450Z,2025-09-23 14:04:22.231869
binance-peg-busd,busd,Binance-Peg BUSD,https://coin-images.coingecko.com/coins/images/31273/large/new_binance-peg-busd.png?1696530096,1.057,329922869,251,329922869,53000109.0,1.09,1.002,0.050623,5.03262,14780607.0,4.69014,312477997.5095268,312477997.5095268,,1.15,-7.62254,2025-09-21T07:13:14.819Z,0.954278,11.02337,2023-11-21T17:49:36.929Z,,2025-09-23T19:02:23.077Z,2025-09-23 14:04:22.231869
